Workbook

Sheet users_details
A1: UserID | B1: First Name | C1: Last Name | D1: Full Name | E1: Age | F1: Address | G1: Neighbourhood
A2: 6117666160 | B2: Robert | C2: Johnson | D2: =_xlfn.CONCAT(B2, " ", C2) -> Robert Johnson | E2: 53 | F2: Williamsburg, Brooklyn | G2: Williamsburg
A3: 1644430081 | B3: John | C3: Brown | D3: =_xlfn.CONCAT(B3, " ", C3) -> John Brown | E3: 56 | F3: Flatbush, Brooklyn | G3: Flatbush
A4: 1927972279 | B4: Michael | C4: Brown | D4: =_xlfn.CONCAT(B4, " ", C4) -> Michael Brown | E4: 29 | F4: Crown Heights, Brooklyn | G4: Crown Heights
A5: 4388161847 | B5: Michael | C5: Brown | D5: =_xlfn.CONCAT(B5, " ", C5) -> Michael Brown | E5: 36 | F5: Williamsburg, Brooklyn | G5: Williamsburg
A6: 6775888955 | B6: David | C6: Davis | D6: =_xlfn.CONCAT(B6, " ", C6) -> David Davis | E6: 45 | F6: Harlem, Manhattan | G6: Harlem
A7: 4319703577 | B7: James | C7: Smith | D7: =_xlfn.CONCAT(B7, " ", C7) -> James Smith | E7: 18 | F7: Upper West Side, Manhattan | G7: Upper West Side
A8: 2873212765 | B8: Michael | C8: Johnson | D8: =_xlfn.CONCAT(B8, " ", C8) -> Michael Johnson | E8: 32 | F8: Greenpoint, Brooklyn | G8: Greenpoint
A9: 4445114986 | B9: Robert | C9: Martinez | D9: =_xlfn.CONCAT(B9, " ", C9) -> Robert Martinez | E9: 53 | F9: Harlem, Manhattan | G9: Harlem
A10: 6290855005 | B10: Mary | C10: Martinez | D10: =_xlfn.CONCAT(B10, " ", C10) -> Mary Martinez | E10: 30 | F10: Midtown, Manhattan | G10: Midtown
A11: 3977333714 | B11: Alice | C11: Smith | D11: =_xlfn.CONCAT(B11, " ", C11) -> Alice Smith | E11: 60 | F11: East Village, Manhattan | G11: East Village
A12: 1503960366 | B12: David | C12: Jones | D12: =_xlfn.CONCAT(B12, " ", C12) -> David Jones | E12: 38 | F12: East Harlem, Manhattan | G12: East Harlem
A13: 4558609924 | B13: Patricia | C13: Davis | D13: =_xlfn.CONCAT(B13, " ", C13) -> Patricia Davis | E13: 29 | F13: East Village, Manhattan | G13: East Village
... A34: 5553957443 | B34: Linda | C34: Martinez | D34: =_xlfn.CONCAT(B34, " ", C34) -> Linda Martinez | E34: 23 | F34: Washington Heights, Manhattan | G34: Washington Heights

Sheet activity
A1: UserID | B1: Date | C1: Total_Distance | D1: Tracker_Distance | E1: Logged_Activities_Distance | F1: Very_Active_Distance | G1: Moderately_Active_Distance | H1: Light_Active_Distance | I1: Sedentary_Active_Distance | J1: Very_Active_Minutes | K1: Fairly_Active_Minutes | L1: Lightly_Active_Minutes | M1: Sedentary_Minutes | N1: Steps | O1: Calories_Burned
A2: 6117666160 | B2: 42480 | C2: 8.0200005 | D2: 8.0200005 | E2: 0 | F2: 2.03 | G2: 0.47999999 | H2: 5.52 | I2: 0 | J2: 26 | K2: 10 | L2: 349 | M2: 587 | N2: 10449 | O2: 2536
A3: 1644430081 | B3: 42473 | C3: 5.8200002 | D3: 5.8200002 | E3: 0 | F3: 2.28 | G3: 0.89999998 | H3: 2.6400001 | I3: 0 | J3: 30 | K3: 16 | L3: 135 | M3: 1259 | N3: 8001 | O3: 2902
A4: 1927972279 | B4: 42485 | C4: 0.11 | D4: 0.11 | E4: 0 | F4: 0 | G4: 0 | H4: 0.11 | I4: 0 | J4: 0 | K4: 0 | L4: 12 | M4: 1303 | N4: 152 | O4: 2100
A5: 6117666160 | B5: 42486 | C5: 7.21 | D5: 7.21 | E5: 0 | F5: 0 | G5: 0.34 | H5: 6.8699999 | I5: 0 | J5: 0 | K5: 7 | L5: 352 | M5: 1077 | N5: 9543 | O5: 2450
A6: 4388161847 | B6: 42618 | C6: 7.8600001 | D6: 7.8600001 | E6: 0 | F6: 0.34 | G6: 0.73000002 | H6: 6.79 | I6: 0 | J6: 6 | K6: 19 | L6: 258 | M6: 1020 | N6: 10218 | O6: 3013
A7: 6775888955 | B7: 42488 | C7: 0.5 | D7: 0.5 | E7: 0 | F7: 0.059999999 | G7: 0.2 | H7: 0.23999999 | I7: 0 | J7: 2 | K7: 13 | L7: 15 | M7: 1410 | N7: 703 | O7: 1993
A8: 4319703577 | B8: 42473 | C8: 5.5 | D8: 5.5 | E8: 0 | F8: 0.52999997 | G8: 0.58999997 | H8: 1.3099999 | I8: 0 | J8: 8 | K8: 15 | L8: 96 | M8: 1234 | N8: 8204 | O8: 2135
A9: 2873212765 | B9: 42434 | C9: 4.98 | D9: 4.98 | E9: 0 | F9: 0.059999999 | G9: 0.25 | H9: 4.6599998 | I9: 0.01 | J9: 1 | K9: 6 | L9: 363 | M9: 1070 | N9: 7412 | O9: 1906
A10: 4445114986 | B10: 42473 | C10: 1.99 | D10: 1.99 | E10: 0 | F10: 0 | G10: 0 | H10: 1.99 | I10: 0 | J10: 0 | K10: 0 | L10: 194 | M10: 840 | N10: 2961 | O10: 2095
A11: 6290855005 | B11: 42587 | C11: 5.8299999 | D11: 5.8299999 | E11: 0 | F11: 0 | G11: 0 | H11: 5.8200002 | I11: 0 | J11: 0 | K11: 0 | L11: 251 | M11: 1189 | N11: 7706 | O11: 2712
A12: 3977333714 | B12: 42490 | C12: 9.1999998 | D12: 9.1999998 | E12: 0 | F12: 3.6900001 | G12: 2.0999999 | H12: 3.4100001 | I12: 0 | J12: 43 | K12: 52 | L12: 194 | M12: 687 | N12: 13238 | O12: 1650
A13: 1503960366 | B13: 42495 | C13: 8.8999996 | D13: 8.8999996 | E13: 0 | F13: 2.9200001 | G13: 1.08 | H13: 4.8800001 | I13: 0 | J13: 45 | K13: 24 | L13: 250 | M13: 857 | N13: 14070 | O13: 1959
... A941: 1844505072 | B941: 42482 | C941: 3.55 | D941: 3.55 | E941: 0 | F941: 0 | G941: 0 | H941: 3.55 | I941: 0 | J941: 0 | K941: 0 | L941: 220 | M941: 1220 | N941: 5372 | O941: 1827

Sheet user_activity
A1: UserID | B1: User Name | C1: Age | D1: Age Group | E1: Address | F1: Neighbourhood | G1: City | H1: Date | I1: Weekday_Name | J1: Month | K1: Total_Distance | L1: Tracker_Distance | M1: Logged_Activities_Distance | N1: Very_Active_Distance | O1: Moderately_Active_Distance | P1: Light_Active_Distance | Q1: Sedentary_Active_Distance | R1: Very_Active_Minutes | S1: Fairly_Active_Minutes | T1: Lightly_Active_Minutes | U1: Total_Active_Minutes | V1: Sedentary_Minutes | W1: Steps | X1: Steps_MedFill | Y1: Calories_Burned | Z1: Engagement Type | AA1: Calories_Per_Step
A2: 4319703577 | B2: James Smith | C2: =VLOOKUP(user_activity!A8,users_details!$A$1:$G$34,5,0) -> 18 | D2: {=_xlfn.IFS( AND(C2>=18, C2<=25), "Emerging Adults", AND(C2>=26, C2<=35), "Young Adults", AND(C2>=36, C2<=45), "Midlife Adults", AND(C2>=46, C2<=55), "Mature Adults", C2>=56, "Older Adults", TRUE, "Age Not Mentioned")} -> Emerging Adults | E2: =VLOOKUP(user_activity!A8,users_details!$A$1:$G$34,6,0) -> Hell's Kitchen, Manhattan | F2: =VLOOKUP(user_activity!A8,users_details!$A$1:$G$34,7,0) -> Hell's Kitchen | G2: Manhattan | H2: 42473 | I2: =TEXT(H2, "dddd") -> Wednesday | J2: =TEXT(H2, "mmmm") -> April | K2: 5.5 | L2: 5.5 | M2: 0 | N2: 0.52999997 | O2: 0.58999997 | P2: 1.3099999 | Q2: 0 | R2: 8 | S2: 15 | T2: 96 | U2: =R2+S2+T2 -> 119 | V2: 1234 | W2: 8204 | X2: =IF(W2=0,MEDIAN($W$2:$W$941),W2) -> 8204 | Y2: 2135 | Z2: {=_xlfn.IFS(OR(R2>66, S2>38), "High Engagement", OR(AND(R2>32, R2<=66), AND(S2>19, S2<=38)), "Medium-High Engagement", OR(AND(R2>4, R2<=32), AND(S2>6, S2<=19)),"Medium Engagement", TRUE, "Low Engagement" )} -> Medium Engagement | AA2: =IF(W2>0, Y2/W2, 0) -> 0.26023891 | AC2: =MEDIAN(W2:W941) -> 7405.5
A3: 2320127002 | B3: Mary Davis | C3: =VLOOKUP(user_activity!A79,users_details!$A$1:$G$34,5,0) -> 21 | D3: {=_xlfn.IFS( AND(C3>=18, C3<=25), "Emerging Adults", AND(C3>=26, C3<=35), "Young Adults", AND(C3>=36, C3<=45), "Midlife Adults", AND(C3>=46, C3<=55), "Mature Adults", C3>=56, "Older Adults", TRUE, "Age Not Mentioned")} -> Emerging Adults | E3: =VLOOKUP(user_activity!A79,users_details!$A$1:$G$34,6,0) -> Bushwick, Brooklyn | F3: =VLOOKUP(user_activity!A79,users_details!$A$1:$G$34,7,0) -> Bushwick | G3: Manhattan | H3: 42495 | I3: =TEXT(H3, "dddd") -> Thursday | J3: =TEXT(H3, "mmmm") -> May | K3: 3.51 | L3: 3.51 | M3: 0 | N3: 0 | O3: 0.38999999 | P3: 3.1099999 | Q3: 0 | R3: 0 | S3: 11 | T3: 223 | U3: =R3+S3+T3 -> 234 | V3: 1206 | W3: 5202 | X3: =IF(W3=0,MEDIAN($W$2:$W$941),W3) -> 5202 | Y3: 1780 | Z3: {=_xlfn.IFS(OR(R3>66, S3>38), "High Engagement", OR(AND(R3>32, R3<=66), AND(S3>19, S3<=38)), "Medium-High Engagement", OR(AND(R3>4, R3<=32), AND(S3>6, S3<=19)),"Medium Engagement", TRUE, "Low Engagement" )} -> Medium Engagement | AA3: =IF(W3>0, Y3/W3, 0) -> 0.34217609 | AC3: 7405.5
A4: 2320127002 | B4: Mary Davis | C4: =VLOOKUP(user_activity!A88,users_details!$A$1:$G$34,5,0) -> 21 | D4: {=_xlfn.IFS( AND(C4>=18, C4<=25), "Emerging Adults", AND(C4>=26, C4<=35), "Young Adults", AND(C4>=36, C4<=45), "Midlife Adults", AND(C4>=46, C4<=55), "Mature Adults", C4>=56, "Older Adults", TRUE, "Age Not Mentioned")} -> Emerging Adults | E4: =VLOOKUP(user_activity!A88,users_details!$A$1:$G$34,6,0) -> Bushwick, Brooklyn | F4: =VLOOKUP(user_activity!A88,users_details!$A$1:$G$34,7,0) -> Bushwick | G4: Manhattan | H4: 42374 | I4: =TEXT(H4, "dddd") -> Tuesday | J4: =TEXT(H4, "mmmm") -> January | K4: 0.51999998 | L4: 0.51999998 | M4: 0 | N4: 0 | O4: 0 | P4: 0.51999998 | Q4: 0 | R4: 0 | S4: 0 | T4: 40 | U4: =R4+S4+T4 -> 40 | V4: 1400 | W4: 772 | X4: =IF(W4=0,MEDIAN($W$2:$W$941),W4) -> 772 | Y4: 1403 | Z4: {=_xlfn.IFS(OR(R4>66, S4>38), "High Engagement", OR(AND(R4>32, R4<=66), AND(S4>19, S4<=38)), "Medium-High Engagement", OR(AND(R4>4, R4<=32), AND(S4>6, S4<=19)),"Medium Engagement", TRUE, "Low Engagement" )} -> Low Engagement | AA4: =IF(W4>0, Y4/W4, 0) -> 1.8173575
A5: 2320127002 | B5: Mary Davis | C5: =VLOOKUP(user_activity!A96,users_details!$A$1:$G$34,5,0) -> 22 | D5: {=_xlfn.IFS( AND(C5>=18, C5<=25), "Emerging Adults", AND(C5>=26, C5<=35), "Young Adults", AND(C5>=36, C5<=45), "Midlife Adults", AND(C5>=46, C5<=55), "Mature Adults", C5>=56, "Older Adults", TRUE, "Age Not Mentioned")} -> Emerging Adults | E5: =VLOOKUP(user_activity!A96,users_details!$A$1:$G$34,6,0) -> Upper East Side, Manhattan | F5: =VLOOKUP(user_activity!A96,users_details!$A$1:$G$34,7,0) -> Upper East Side | G5: Manhattan | H5: 42648 | I5: =TEXT(H5, "dddd") -> Wednesday | J5: =TEXT(H5, "mmmm") -> October | K5: 4.1999998 | L5: 4.1999998 | M5: 0 | N5: 0 | O5: 0 | P5: 4.1999998 | Q5: 0 | R5: 0 | S5: 0 | T5: 290 | U5: =R5+S5+T5 -> 290 | V5: 1150 | W5: 6227 | X5: =IF(W5=0,MEDIAN($W$2:$W$941),W5) -> 6227 | Y5: 1899 | Z5: {=_xlfn.IFS(OR(R5>66, S5>38), "High Engagement", OR(AND(R5>32, R5<=66), AND(S5>19, S5<=38)), "Medium-High Engagement", OR(AND(R5>4, R5<=32), AND(S5>6, S5<=19)),"Medium Engagement", TRUE, "Low Engagement" )} -> Low Engagement | AA5: =IF(W5>0, Y5/W5, 0) -> 0.30496226
A6: 4319703577 | B6: James Smith | C6: =VLOOKUP(user_activity!A117,users_details!$A$1:$G$34,5,0) -> 22 | D6: {=_xlfn.IFS( AND(C6>=18, C6<=25), "Emerging Adults", AND(C6>=26, C6<=35), "Young Adults", AND(C6>=36, C6<=45), "Midlife Adults", AND(C6>=46, C6<=55), "Mature Adults", C6>=56, "Older Adults", TRUE, "Age Not Mentioned")} -> Emerging Adults | E6: =VLOOKUP(user_activity!A117,users_details!$A$1:$G$34,6,0) -> Upper East Side, Manhattan | F6: =VLOOKUP(user_activity!A117,users_details!$A$1:$G$34,7,0) -> Upper East Side | G6: Manhattan | H6: 42495 | I6: =TEXT(H6, "dddd") -> Thursday | J6: =TEXT(H6, "mmmm") -> May | K6: 9.4899998 | L6: 9.4899998 | M6: 0 | N6: 2.6300001 | O6: 1.41 | P6: 5.4499998 | Q6: 0 | R6: 27 | S6: 34 | T6: 328 | U6: =R6+S6+T6 -> 389 | V6: 957 | W6: 13658 | X6: =IF(W6=0,MEDIAN($W$2:$W$941),W6) -> 13658 | Y6: 2530 | Z6: {=_xlfn.IFS(OR(R6>66, S6>38), "High Engagement", OR(AND(R6>32, R6<=66), AND(S6>19, S6<=38)), "Medium-High Engagement", OR(AND(R6>4, R6<=32), AND(S6>6, S6<=19)),"Medium Engagement", TRUE, "Low Engagement" )} -> Medium-High Engagement | AA6: =IF(W6>0, Y6/W6, 0) -> 0.18523942
A7: 4319703577 | B7: James Smith | C7: =VLOOKUP(user_activity!A144,users_details!$A$1:$G$34,5,0) -> 22 | D7: {=_xlfn.IFS( AND(C7>=18, C7<=25), "Emerging Adults", AND(C7>=26, C7<=35), "Young Adults", AND(C7>=36, C7<=45), "Midlife Adults", AND(C7>=46, C7<=55), "Mature Adults", C7>=56, "Older Adults", TRUE, "Age Not Mentioned")} -> Emerging Adults | E7: =VLOOKUP(user_activity!A144,users_details!$A$1:$G$34,6,0) -> Washington Heights, Manhattan | F7: =VLOOKUP(user_activity!A144,users_details!$A$1:$G$34,7,0) -> Washington Heights | G7: Manhattan | H7: 42485 | I7: =TEXT(H7, "dddd") -> Monday | J7: =TEXT(H7, "mmmm") -> April | K7: 6.21 | L7: 6.21 | M7: 0 | N7: 0 | O7: 0.28 | P7: 5.9299998 | Q7: 0 | R7: 0 | S7: 8 | T7: 390 | U7: =R7+S7+T7 -> 398 | V7: 544 | W7: 9259 | X7: =IF(W7=0,MEDIAN($W$2:$W$941),W7) -> 9259 | Y7: 2314 | Z7: {=_xlfn.IFS(OR(R7>66, S7>38), "High Engagement", OR(AND(R7>32, R7<=66), AND(S7>19, S7<=38)), "Medium-High Engagement", OR(AND(R7>4, R7<=32), AND(S7>6, S7<=19)),"Medium Engagement", TRUE, "Low Engagement" )} -> Medium Engagement | AA7: =IF(W7>0, Y7/W7, 0) -> 0.249919
A8: 2320127002 | B8: Mary Davis | C8: =VLOOKUP(user_activity!A152,users_details!$A$1:$G$34,5,0) -> 23 | D8: {=_xlfn.IFS( AND(C8>=18, C8<=25), "Emerging Adults", AND(C8>=26, C8<=35), "Young Adults", AND(C8>=36, C8<=45), "Midlife Adults", AND(C8>=46, C8<=55), "Mature Adults", C8>=56, "Older Adults", TRUE, "Age Not Mentioned")} -> Emerging Adults | E8: =VLOOKUP(user_activity!A152,users_details!$A$1:$G$34,6,0) -> Washington Heights, Manhattan | F8: =VLOOKUP(user_activity!A152,users_details!$A$1:$G$34,7,0) -> Washington Heights | G8: Manhattan | H8: 42487 | I8: =TEXT(H8, "dddd") -> Wednesday | J8: =TEXT(H8, "mmmm") -> April | K8: 1.16 | L8: 1.16 | M8: 0 | N8: 0 | O8: 0 | P8: 1.16 | Q8: 0 | R8: 0 | S8: 0 | T8: 82 | U8: =R8+S8+T8 -> 82 | V8: 1358 | W8: 1715 | X8: =IF(W8=0,MEDIAN($W$2:$W$941),W8) -> 1715 | Y8: 1481 | Z8: {=_xlfn.IFS(OR(R8>66, S8>38), "High Engagement", OR(AND(R8>32, R8<=66), AND(S8>19, S8<=38)), "Medium-High Engagement", OR(AND(R8>4, R8<=32), AND(S8>6, S8<=19)),"Medium Engagement", TRUE, "Low Engagement" )} -> Low Engagement | AA8: =IF(W8>0, Y8/W8, 0) -> 0.86355685
A9: 4319703577 | B9: James Smith | C9: =VLOOKUP(user_activity!A166,users_details!$A$1:$G$34,5,0) -> 23 | D9: {=_xlfn.IFS( AND(C9>=18, C9<=25), "Emerging Adults", AND(C9>=26, C9<=35), "Young Adults", AND(C9>=36, C9<=45), "Midlife Adults", AND(C9>=46, C9<=55), "Mature Adults", C9>=56, "Older Adults", TRUE, "Age Not Mentioned")} -> Emerging Adults | E9: =VLOOKUP(user_activity!A166,users_details!$A$1:$G$34,6,0) -> Crown Heights, Brooklyn | F9: =VLOOKUP(user_activity!A166,users_details!$A$1:$G$34,7,0) -> Crown Heights | G9: Manhattan | H9: 42489 | I9: =TEXT(H9, "dddd") -> Friday | J9: =TEXT(H9, "mmmm") -> April | K9: 5.3600001 | L9: 5.3600001 | M9: 0 | N9: 0.44999999 | O9: 0.79000002 | P9: 4.1199999 | Q9: 0 | R9: 6 | S9: 18 | T9: 289 | U9: =R9+S9+T9 -> 313 | V9: 624 | W9: 7990 | X9: =IF(W9=0,MEDIAN($W$2:$W$941),W9) -> 7990 | Y9: 2175 | Z9: {=_xlfn.IFS(OR(R9>66, S9>38), "High Engagement", OR(AND(R9>32, R9<=66), AND(S9>19, S9<=38)), "Medium-High Engagement", OR(AND(R9>4, R9<=32), AND(S9>6, S9<=19)),"Medium Engagement", TRUE, "Low Engagement" )} -> Medium Engagement | AA9: =IF(W9>0, Y9/W9, 0) -> 0.27221527
A10: 2320127002 | B10: Mary Davis | C10: =VLOOKUP(user_activity!A172,users_details!$A$1:$G$34,5,0) -> 23 | D10: {=_xlfn.IFS( AND(C10>=18, C10<=25), "Emerging Adults", AND(C10>=26, C10<=35), "Young Adults", AND(C10>=36, C10<=45), "Midlife Adults", AND(C10>=46, C10<=55), "Mature Adults", C10>=56, "Older Adults", TRUE, "Age Not Mentioned")} -> Emerging Adults | E10: =VLOOKUP(user_activity!A172,users_details!$A$1:$G$34,6,0) -> Washington Heights, Manhattan | F10: =VLOOKUP(user_activity!A172,users_details!$A$1:$G$34,7,0) -> Washington Heights | G10: Manhattan | H10: 42474 | I10: =TEXT(H10, "dddd") -> Thursday | J10: =TEXT(H10, "mmmm") -> April | K10: 2.6800001 | L10: 2.6800001 | M10: 0 | N10: 0 | O10: 0 | P10: 2.6800001 | Q10: 0 | R10: 0 | S10: 0 | T10: 191 | U10: =R10+S10+T10 -> 191 | V10: 1249 | W10: 3973 | X10: =IF(W10=0,MEDIAN($W$2:$W$941),W10) -> 3973 | Y10: 1696 | Z10: {=_xlfn.IFS(OR(R10>66, S10>38), "High Engagement", OR(AND(R10>32, R10<=66), AND(S10>19, S10<=38)), "Medium-High Engagement", OR(AND(R10>4, R10<=32), AND(S10>6, S10<=19)),"Medium Engagement", TRUE, "Low Engagement" )} -> Low Engagement | AA10: =IF(W10>0, Y10/W10, 0) -> 0.42688145
A11: 4319703577 | B11: James Smith | C11: =VLOOKUP(user_activity!A235,users_details!$A$1:$G$34,5,0) -> 24 | D11: {=_xlfn.IFS( AND(C11>=18, C11<=25), "Emerging Adults", AND(C11>=26, C11<=35), "Young Adults", AND(C11>=36, C11<=45), "Midlife Adults", AND(C11>=46, C11<=55), "Mature Adults", C11>=56, "Older Adults", TRUE, "Age Not Mentioned")} -> Emerging Adults | E11: =VLOOKUP(user_activity!A235,users_details!$A$1:$G$34,6,0) -> East Village, Manhattan | F11: =VLOOKUP(user_activity!A235,users_details!$A$1:$G$34,7,0) -> East Village | G11: Manhattan | H11: 42618 | I11: =TEXT(H11, "dddd") -> Monday | J11: =TEXT(H11, "mmmm") -> September | K11: 6.96 | L11: 6.96 | M11: 0 | N11: 0.14 | O11: 0.56 | P11: 6.25 | Q11: 0 | R11: 2 | S11: 14 | T11: 374 | U11: =R11+S11+T11 -> 390 | V11: 490 | W11: 10378 | X11: =IF(W11=0,MEDIAN($W$2:$W$941),W11) -> 10378 | Y11: 2345 | Z11: {=_xlfn.IFS(OR(R11>66, S11>38), "High Engagement", OR(AND(R11>32, R11<=66), AND(S11>19, S11<=38)), "Medium-High Engagement", OR(AND(R11>4, R11<=32), AND(S11>6, S11<=19)),"Medium Engagement", TRUE, "Low Engagement" )} -> Medium Engagement | AA11: =IF(W11>0, Y11/W11, 0) -> 0.22595876
A12: 4319703577 | B12: James Smith | C12: =VLOOKUP(user_activity!A247,users_details!$A$1:$G$34,5,0) -> 29 | D12: {=_xlfn.IFS( AND(C12>=18, C12<=25), "Emerging Adults", AND(C12>=26, C12<=35), "Young Adults", AND(C12>=36, C12<=45), "Midlife Adults", AND(C12>=46, C12<=55), "Mature Adults", C12>=56, "Older Adults", TRUE, "Age Not Mentioned")} -> Young Adults | E12: =VLOOKUP(user_activity!A247,users_details!$A$1:$G$34,6,0) -> East Village, Manhattan | F12: =VLOOKUP(user_activity!A247,users_details!$A$1:$G$34,7,0) -> East Village | G12: Manhattan | H12: 42479 | I12: =TEXT(H12, "dddd") -> Tuesday | J12: =TEXT(H12, "mmmm") -> April | K12: 5.9899998 | L12: 5.9899998 | M12: 0 | N12: 0 | O12: 0 | P12: 5.9899998 | Q12: 0 | R12: 0 | S12: 0 | T12: 311 | U12: =R12+S12+T12 -> 311 | V12: 604 | W12: 8925 | X12: =IF(W12=0,MEDIAN($W$2:$W$941),W12) -> 8925 | Y12: 2200 | Z12: {=_xlfn.IFS(OR(R12>66, S12>38), "High Engagement", OR(AND(R12>32, R12<=66), AND(S12>19, S12<=38)), "Medium-High Engagement", OR(AND(R12>4, R12<=32), AND(S12>6, S12<=19)),"Medium Engagement", TRUE, "Low Engagement" )} -> Low Engagement | AA12: =IF(W12>0, Y12/W12, 0) -> 0.2464986
A13: 2320127002 | B13: Mary Davis | C13: =VLOOKUP(user_activity!A248,users_details!$A$1:$G$34,5,0) -> 29 | D13: {=_xlfn.IFS( AND(C13>=18, C13<=25), "Emerging Adults", AND(C13>=26, C13<=35), "Young Adults", AND(C13>=36, C13<=45), "Midlife Adults", AND(C13>=46, C13<=55), "Mature Adults", C13>=56, "Older Adults", TRUE, "Age Not Mentioned")} -> Young Adults | E13: =VLOOKUP(user_activity!A248,users_details!$A$1:$G$34,6,0) -> Crown Heights, Brooklyn | F13: =VLOOKUP(user_activity!A248,users_details!$A$1:$G$34,7,0) -> Crown Heights | G13: Manhattan | H13: 42483 | I13: =TEXT(H13, "dddd") -> Saturday | J13: =TEXT(H13, "mmmm") -> April | K13: 3.4200001 | L13: 3.4200001 | M13: 0 | N13: 0 | O13: 0 | P13: 3.4200001 | Q13: 0 | R13: 0 | S13: 0 | T13: 242 | U13: =R13+S13+T13 -> 242 | V13: 1129 | W13: 5079 | X13: =IF(W13=0,MEDIAN($W$2:$W$941),W13) -> 5079 | Y13: 1804 | Z13: {=_xlfn.IFS(OR(R13>66, S13>38), "High Engagement", OR(AND(R13>32, R13<=66), AND(S13>19, S13<=38)), "Medium-High Engagement", OR(AND(R13>4, R13<=32), AND(S13>6, S13<=19)),"Medium Engagement", TRUE, "Low Engagement" )} -> Low Engagement | AA13: =IF(W13>0, Y13/W13, 0) -> 0.35518803
A14: 2320127002 | B14: Mary Davis | C14: =VLOOKUP(user_activity!A276,users_details!$A$1:$G$34,5,0) -> 29 | D14: {=_xlfn.IFS( AND(C14>=18, C14<=25), "Emerging Adults", AND(C14>=26, C14<=35), "Young Adults", AND(C14>=36, C14<=45), "Midlife Adults", AND(C14>=46, C14<=55), "Mature Adults", C14>=56, "Older Adults", TRUE, "Age Not Mentioned")} -> Young Adults | E14: =VLOOKUP(user_activity!A276,users_details!$A$1:$G$34,6,0) -> Crown Heights, Brooklyn | F14: =VLOOKUP(user_activity!A276,users_details!$A$1:$G$34,7,0) -> Crown Heights | G14: Manhattan | H14: 42484 | I14: =TEXT(H14, "dddd") -> Sunday | J14: =TEXT(H14, "mmmm") -> April | K14: 2.8099999 | L14: 2.8099999 | M14: 0 | N14: 0 | O14: 0 | P14: 2.8 | Q14: 0 | R14: 0 | S14: 0 | T14: 204 | U14: =R14+S14+T14 -> 204 | V14: 1236 | W14: 4165 | X14: =IF(W14=0,MEDIAN($W$2:$W$941),W14) -> 4165 | Y14: 1725 | Z14: {=_xlfn.IFS(OR(R14>66, S14>38), "High Engagement", OR(AND(R14>32, R14<=66), AND(S14>19, S14<=38)), "Medium-High Engagement", OR(AND(R14>4, R14<=32), AND(S14>6, S14<=19)),"Medium Engagement", TRUE, "Low Engagement" )} -> Low Engagement | AA14: =IF(W14>0, Y14/W14, 0) -> 0.41416567
A15: 4319703577 | B15: James Smith | C15: =VLOOKUP(user_activity!A296,users_details!$A$1:$G$34,5,0) -> 29 | D15: {=_xlfn.IFS( AND(C15>=18, C15<=25), "Emerging Adults", AND(C15>=26, C15<=35), "Young Adults", AND(C15>=36, C15<=45), "Midlife Adults", AND(C15>=46, C15<=55), "Mature Adults", C15>=56, "Older Adults", TRUE, "Age Not Mentioned")} -> Young Adults | E15: =VLOOKUP(user_activity!A296,users_details!$A$1:$G$34,6,0) -> East Village, Manhattan | F15: =VLOOKUP(user_activity!A296,users_details!$A$1:$G$34,7,0) -> East Village | G15: Manhattan | H15: 42648 | I15: =TEXT(H15, "dddd") -> Wednesday | J15: =TEXT(H15, "mmmm") -> October | K15: 6.3699999 | L15: 6.3699999 | M15: 0 | N15: 0.20999999 | O15: 0.46000001 | P15: 5.6999998 | Q15: 0 | R15: 3 | S15: 12 | T15: 329 | U15: =R15+S15+T15 -> 344 | V15: 555 | W15: 9487 | X15: =IF(W15=0,MEDIAN($W$2:$W$941),W15) -> 9487 | Y15: 2260 | Z15: {=_xlfn.IFS(OR(R15>66, S15>38), "High Engagement", OR(AND(R15>32, R15<=66), AND(S15>19, S15<=38)), "Medium-High Engagement", OR(AND(R15>4, R15<=32), AND(S15>6, S15<=19)),"Medium Engagement", TRUE, "Low Engagement" )} -> Medium Engagement | AA15: =IF(W15>0, Y15/W15, 0) -> 0.23822072
A16: 2320127002 | B16: Mary Davis | C16: =VLOOKUP(user_activity!A334,users_details!$A$1:$G$34,5,0) -> 30 | D16: {=_xlfn.IFS( AND(C16>=18, C16<=25), "Emerging Adults", AND(C16>=26, C16<=35), "Young Adults", AND(C16>=36, C16<=45), "Midlife Adults", AND(C16>=46, C16<=55), "Mature Adults", C16>=56, "Older Adults", TRUE, "Age Not Mentioned")} -> Young Adults | E16: =VLOOKUP(user_activity!A334,users_details!$A$1:$G$34,6,0) -> Midtown, Manhattan | F16: =VLOOKUP(user_activity!A334,users_details!$A$1:$G$34,7,0) -> Midtown | G16: Manhattan | H16: 42490 | I16: =TEXT(H16, "dddd") -> Saturday | J16: =TEXT(H16, "mmmm") -> April | K16: 3.0799999 | L16: 3.0799999 | M16: 0 | N16: 0 | O16: 0 | P16: 3.0699999 | Q16: 0 | R16: 0 | S16: 0 | T16: 234 | U16: =R16+S16+T16 -> 234 | V16: 1206 | W16: 4571 | X16: =IF(W16=0,MEDIAN($W$2:$W$941),W16) -> 4571 | Y16: 1779 | Z16: {=_xlfn.IFS(OR(R16>66, S16>38), "High Engagement", OR(AND(R16>32, R16<=66), AND(S16>19, S16<=38)), "Medium-High Engagement", OR(AND(R16>4, R16<=32), AND(S16>6, S16<=19)),"Medium Engagement", TRUE, "Low Engagement" )} -> Low Engagement | AA16: =IF(W16>0, Y16/W16, 0) -> 0.38919274
A17: 2320127002 | B17: Mary Davis | C17: =VLOOKUP(user_activity!A335,users_details!$A$1:$G$34,5,0) -> 30 | D17: {=_xlfn.IFS( AND(C17>=18, C17<=25), "Emerging Adults", AND(C17>=26, C17<=35), "Young Adults", AND(C17>=36, C17<=45), "Midlife Adults", AND(C17>=46, C17<=55), "Mature Adults", C17>=56, "Older Adults", TRUE, "Age Not Mentioned")} -> Young Adults | E17: =VLOOKUP(user_activity!A335,users_details!$A$1:$G$34,6,0) -> Midtown, Manhattan | F17: =VLOOKUP(user_activity!A335,users_details!$A$1:$G$34,7,0) -> Midtown | G17: Manhattan | H17: 42476 | I17: =TEXT(H17, "dddd") -> Saturday | J17: =TEXT(H17, "mmmm") -> April | K17: 3.4100001 | L17: 3.4100001 | M17: 0 | N17: 0 | O17: 0 | P17: 3.4000001 | Q17: 0 | R17: 0 | S17: 0 | T17: 195 | U17: =R17+S17+T17 -> 195 | V17: 1245 | W17: 5057 | X17: =IF(W17=0,MEDIAN($W$2:$W$941),W17) -> 5057 | Y17: 1724 | Z17: {=_xlfn.IFS(OR(R17>66, S17>38), "High Engagement", OR(AND(R17>32, R17<=66), AND(S17>19, S17<=38)), "Medium-High Engagement", OR(AND(R17>4, R17<=32), AND(S17>6, S17<=19)),"Medium Engagement", TRUE, "Low Engagement" )} -> Low Engagement | AA17: =IF(W17>0, Y17/W17, 0) -> 0.34091359
A18: 4319703577 | B18: James Smith | C18: =VLOOKUP(user_activity!A348,users_details!$A$1:$G$34,5,0) -> 31 | D18: {=_xlfn.IFS( AND(C18>=18, C18<=25), "Emerging Adults", AND(C18>=26, C18<=35), "Young Adults", AND(C18>=36, C18<=45), "Midlife Adults", AND(C18>=46, C18<=55), "Mature Adults", C18>=56, "Older Adults", TRUE, "Age Not Mentioned")} -> Young Adults | E18: =VLOOKUP(user_activity!A348,users_details!$A$1:$G$34,6,0) -> Midtown, Manhattan | F18: =VLOOKUP(user_activity!A348,users_details!$A$1:$G$34,7,0) -> Midtown | G18: Manhattan | H18: 42708 | I18: =TEXT(H18, "dddd") -> Sunday | J18: =TEXT(H18, "mmmm") -> December | K18: 5.1999998 | L18: 5.1999998 | M18: 0 | N18: 0 | O18: 0 | P18: 0 | Q18: 0 | R18: 0 | S18: 0 | T18: 0 | U18: =R18+S18+T18 -> 0 | V18: 1440 | W18: 7753 | X18: =IF(W18=0,MEDIAN($W$2:$W$941),W18) -> 7753 | Y18: 2115 | Z18: {=_xlfn.IFS(OR(R18>66, S18>38), "High Engagement", OR(AND(R18>32, R18<=66), AND(S18>19, S18<=38)), "Medium-High Engagement", OR(AND(R18>4, R18<=32), AND(S18>6, S18<=19)),"Medium Engagement", TRUE, "Low Engagement" )} -> Low Engagement | AA18: =IF(W18>0, Y18/W18, 0) -> 0.27279763
A19: 4319703577 | B19: James Smith | C19: =VLOOKUP(user_activity!A351,users_details!$A$1:$G$34,5,0) -> 31 | D19: {=_xlfn.IFS( AND(C19>=18, C19<=25), "Emerging Adults", AND(C19>=26, C19<=35), "Young Adults", AND(C19>=36, C19<=45), "Midlife Adults", AND(C19>=46, C19<=55), "Mature Adults", C19>=56, "Older Adults", TRUE, "Age Not Mentioned")} -> Young Adults | E19: =VLOOKUP(user_activity!A351,users_details!$A$1:$G$34,6,0) -> Midtown, Manhattan | F19: =VLOOKUP(user_activity!A351,users_details!$A$1:$G$34,7,0) -> Midtown | G19: Manhattan | H19: 42709 | I19: =TEXT(H19, "dddd") -> Monday | J19: =TEXT(H19, "mmmm") -> December | K19: 0.01 | L19: 0.01 | M19: 0 | N19: 0 | O19: 0 | P19: 0.01 | Q19: 0 | R19: 0 | S19: 0 | T19: 2 | U19: =R19+S19+T19 -> 2 | V19: 0 | W19: 17 | X19: =IF(W19=0,MEDIAN($W$2:$W$941),W19) -> 17 | Y19: 257 | Z19: {=_xlfn.IFS(OR(R19>66, S19>38), "High Engagement", OR(AND(R19>32, R19<=66), AND(S19>19, S19<=38)), "Medium-High Engagement", OR(AND(R19>4, R19<=32), AND(S19>6, S19<=19)),"Medium Engagement", TRUE, "Low Engagement" )} -> Low Engagement | AA19: 0
A20: 2320127002 | B20: Mary Davis | C20: =VLOOKUP(user_activity!A381,users_details!$A$1:$G$34,5,0) -> 32 | D20: {=_xlfn.IFS( AND(C20>=18, C20<=25), "Emerging Adults", AND(C20>=26, C20<=35), "Young Adults", AND(C20>=36, C20<=45), "Midlife Adults", AND(C20>=46, C20<=55), "Mature Adults", C20>=56, "Older Adults", TRUE, "Age Not Mentioned")} -> Young Adults | E20: =VLOOKUP(user_activity!A381,users_details!$A$1:$G$34,6,0) -> Greenpoint, Brooklyn | F20: =VLOOKUP(user_activity!A381,users_details!$A$1:$G$34,7,0) -> Greenpoint | G20: Manhattan | H20: 42479 | I20: =TEXT(H20, "dddd") -> Tuesday | J20: =TEXT(H20, "mmmm") -> April | K20: 4.04 | L20: 4.04 | M20: 0 | N20: 0 | O20: 0.37999999 | P20: 3.6600001 | Q20: 0 | R20: 0 | S20: 11 | T20: 228 | U20: =R20+S20+T20 -> 239 | V20: 1201 | W20: 5997 | X20: =IF(W20=0,MEDIAN($W$2:$W$941),W20) -> 5997 | Y20: 1811 | Z20: {=_xlfn.IFS(OR(R20>66, S20>38), "High Engagement", OR(AND(R20>32, R20<=66), AND(S20>19, S20<=38)), "Medium-High Engagement", OR(AND(R20>4, R20<=32), AND(S20>6, S20<=19)),"Medium Engagement", TRUE, "Low Engagement" )} -> Medium Engagement | AA20: =IF(W20>0, Y20/W20, 0) -> 0.30198433
A21: 4319703577 | B21: James Smith | C21: =VLOOKUP(user_activity!A401,users_details!$A$1:$G$34,5,0) -> 32 | D21: {=_xlfn.IFS( AND(C21>=18, C21<=25), "Emerging Adults", AND(C21>=26, C21<=35), "Young Adults", AND(C21>=36, C21<=45), "Midlife Adults", AND(C21>=46, C21<=55), "Mature Adults", C21>=56, "Older Adults", TRUE, "Age Not Mentioned")} -> Young Adults | E21: =VLOOKUP(user_activity!A401,users_details!$A$1:$G$34,6,0) -> East Harlem, Manhattan | F21: =VLOOKUP(user_activity!A401,users_details!$A$1:$G$34,7,0) -> East Harlem | G21: Manhattan | H21: 42481 | I21: =TEXT(H21, "dddd") -> Thursday | J21: =TEXT(H21, "mmmm") -> April | K21: 2.48 | L21: 2.48 | M21: 0 | N21: 0 | O21: 0 | P21: 0.34999999 | Q21: 0 | R21: 0 | S21: 0 | T21: 34 | U21: =R21+S21+T21 -> 34 | V21: 1265 | W21: 3702 | X21: =IF(W21=0,MEDIAN($W$2:$W$941),W21) -> 3702 | Y21: 1792 | Z21: {=_xlfn.IFS(OR(R21>66, S21>38), "High Engagement", OR(AND(R21>32, R21<=66), AND(S21>19, S21<=38)), "Medium-High Engagement", OR(AND(R21>4, R21<=32), AND(S21>6, S21<=19)),"Medium Engagement", TRUE, "Low Engagement" )} -> Low Engagement | AA21: =IF(W21>0, Y21/W21, 0) -> 0.48406267
A22: 4319703577 | B22: James Smith | C22: =VLOOKUP(user_activity!A404,users_details!$A$1:$G$34,5,0) -> 32 | D22: {=_xlfn.IFS( AND(C22>=18, C22<=25), "Emerging Adults", AND(C22>=26, C22<=35), "Young Adults", AND(C22>=36, C22<=45), "Midlife Adults", AND(C22>=46, C22<=55), "Mature Adults", C22>=56, "Older Adults", TRUE, "Age Not Mentioned")} -> Young Adults | E22: =VLOOKUP(user_activity!A404,users_details!$A$1:$G$34,6,0) -> Greenpoint, Brooklyn | F22: =VLOOKUP(user_activity!A404,users_details!$A$1:$G$34,7,0) -> Greenpoint | G22: Manhattan | H22: 42526 | I22: =TEXT(H22, "dddd") -> Sunday | J22: =TEXT(H22, "mmmm") -> June | K22: 6.4200001 | L22: 6.4200001 | M22: 0 | N22: 0.41 | O22: 0.47 | P22: 5.46 | Q22: 0 | R22: 6 | S22: 11 | T22: 314 | U22: =R22+S22+T22 -> 331 | V22: 692 | W22: 9524 | X22: =IF(W22=0,MEDIAN($W$2:$W$941),W22) -> 9524 | Y22: 2266 | Z22: {=_xlfn.IFS(OR(R22>66, S22>38), "High Engagement", OR(AND(R22>32, R22<=66), AND(S22>19, S22<=38)), "Medium-High Engagement", OR(AND(R22>4, R22<=32), AND(S22>6, S22<=19)),"Medium Engagement", TRUE, "Low Engagement" )} -> Medium Engagement | AA22: =IF(W22>0, Y22/W22, 0) -> 0.23792524
A23: 4319703577 | B23: James Smith | C23: =VLOOKUP(user_activity!A417,users_details!$A$1:$G$34,5,0) -> 32 | D23: {=_xlfn.IFS( AND(C23>=18, C23<=25), "Emerging Adults", AND(C23>=26, C23<=35), "Young Adults", AND(C23>=36, C23<=45), "Midlife Adults", AND(C23>=46, C23<=55), "Mature Adults", C23>=56, "Older Adults", TRUE, "Age Not Mentioned")} -> Young Adults | E23: =VLOOKUP(user_activity!A417,users_details!$A$1:$G$34,6,0) -> East Harlem, Manhattan | F23: =VLOOKUP(user_activity!A417,users_details!$A$1:$G$34,7,0) -> East Harlem | G23: Manhattan | H23: 42487 | I23: =TEXT(H23, "dddd") -> Wednesday | J23: =TEXT(H23, "mmmm") -> April | K23: 7.23 | L23: 7.23 | M23: 0 | N23: 0.41 | O23: 1.92 | P23: 4.9099998 | Q23: 0 | R23: 6 | S23: 47 | T23: 300 | U23: =R23+S23+T23 -> 353 | V23: 680 | W23: 10780 | X23: =IF(W23=0,MEDIAN($W$2:$W$941),W23) -> 10780 | Y23: 2324 | Z23: {=_xlfn.IFS(OR(R23>66, S23>38), "High Engagement", OR(AND(R23>32, R23<=66), AND(S23>19, S23<=38)), "Medium-High Engagement", OR(AND(R23>4, R23<=32), AND(S23>6, S23<=19)),"Medium Engagement", TRUE, "Low Engagement" )} -> High Engagement | AA23: =IF(W23>0, Y23/W23, 0) -> 0.21558442
A24: 4319703577 | B24: James Smith | C24: =VLOOKUP(user_activity!A438,users_details!$A$1:$G$34,5,0) -> 32 | D24: {=_xlfn.IFS( AND(C24>=18, C24<=25), "Emerging Adults", AND(C24>=26, C24<=35), "Young Adults", AND(C24>=36, C24<=45), "Midlife Adults", AND(C24>=46, C24<=55), "Mature Adults", C24>=56, "Older Adults", TRUE, "Age Not Mentioned")} -> Young Adults | E24: =VLOOKUP(user_activity!A438,users_details!$A$1:$G$34,6,0) -> Greenpoint, Brooklyn | F24: =VLOOKUP(user_activity!A438,users_details!$A$1:$G$34,7,0) -> Greenpoint | G24: Manhattan | H24: 42474 | I24: =TEXT(H24, "dddd") -> Thursday | J24: =TEXT(H24, "mmmm") -> April | K24: 6.8800001 | L24: 6.8800001 | M24: 0 | N24: 0.11 | O24: 0.33000001 | P24: 6.4400001 | Q24: 0 | R24: 1 | S24: 9 | T24: 339 | U24: =R24+S24+T24 -> 349 | V24: 589 | W24: 10210 | X24: =IF(W24=0,MEDIAN($W$2:$W$941),W24) -> 10210 | Y24: 2302 | Z24: {=_xlfn.IFS(OR(R24>66, S24>38), "High Engagement", OR(AND(R24>32, R24<=66), AND(S24>19, S24<=38)), "Medium-High Engagement", OR(AND(R24>4, R24<=32), AND(S24>6, S24<=19)),"Medium Engagement", TRUE, "Low Engagement" )} -> Medium Engagement | AA24: =IF(W24>0, Y24/W24, 0) -> 0.22546523
A25: 4319703577 | B25: James Smith | C25: =VLOOKUP(user_activity!A451,users_details!$A$1:$G$34,5,0) -> 33 | D25: {=_xlfn.IFS( AND(C25>=18, C25<=25), "Emerging Adults", AND(C25>=26, C25<=35), "Young Adults", AND(C25>=36, C25<=45), "Midlife Adults", AND(C25>=46, C25<=55), "Mature Adults", C25>=56, "Older Adults", TRUE, "Age Not Mentioned")} -> Young Adults | E25: =VLOOKUP(user_activity!A451,users_details!$A$1:$G$34,6,0) -> Harlem, Manhattan | F25: =VLOOKUP(user_activity!A451,users_details!$A$1:$G$34,7,0) -> Harlem | G25: Manhattan | H25: 42484 | I25: =TEXT(H25, "dddd") -> Sunday | J25: =TEXT(H25, "mmmm") -> April | K25: 2.74 | L25: 2.74 | M25: 0 | N25: 0.059999999 | O25: 0.2 | P25: 2.47 | Q25: 0 | R25: 1 | S25: 5 | T25: 191 | U25: =R25+S25+T25 -> 197 | V25: 692 | W25: 4081 | X25: =IF(W25=0,MEDIAN($W$2:$W$941),W25) -> 4081 | Y25: 1880 | Z25: {=_xlfn.IFS(OR(R25>66, S25>38), "High Engagement", OR(AND(R25>32, R25<=66), AND(S25>19, S25<=38)), "Medium-High Engagement", OR(AND(R25>4, R25<=32), AND(S25>6, S25<=19)),"Medium Engagement", TRUE, "Low Engagement" )} -> Low Engagement | AA25: =IF(W25>0, Y25/W25, 0) -> 0.4606714
A26: 2320127002 | B26: Mary Davis | C26: =VLOOKUP(user_activity!A452,users_details!$A$1:$G$34,5,0) -> 33 | D26: {=_xlfn.IFS( AND(C26>=18, C26<=25), "Emerging Adults", AND(C26>=26, C26<=35), "Young Adults", AND(C26>=36, C26<=45), "Midlife Adults", AND(C26>=46, C26<=55), "Mature Adults", C26>=56, "Older Adults", TRUE, "Age Not Mentioned")} -> Young Adults | E26: =VLOOKUP(user_activity!A452,users_details!$A$1:$G$34,6,0) -> Harlem, Manhattan | F26: =VLOOKUP(user_activity!A452,users_details!$A$1:$G$34,7,0) -> Harlem | G26: Manhattan | H26: 42478 | I26: =TEXT(H26, "dddd") -> Monday | J26: =TEXT(H26, "mmmm") -> April | K26: 4.4200001 | L26: 4.4200001 | M26: 0 | N26: 0 | O26: 0.25999999 | P26: 4.1399999 | Q26: 0 | R26: 0 | S26: 7 | T26: 260 | U26: =R26+S26+T26 -> 267 | V26: 1173 | W26: 6559 | X26: =IF(W26=0,MEDIAN($W$2:$W$941),W26) -> 6559 | Y26: 1905 | Z26: {=_xlfn.IFS(OR(R26>66, S26>38), "High Engagement", OR(AND(R26>32, R26<=66), AND(S26>19, S26<=38)), "Medium-High Engagement", OR(AND(R26>4, R26<=32), AND(S26>6, S26<=19)),"Medium Engagement", TRUE, "Low Engagement" )} -> Medium Engagement | AA26: =IF(W26>0, Y26/W26, 0) -> 0.29044062
A27: 2320127002 | B27: Mary Davis | C27: =VLOOKUP(user_activity!A462,users_details!$A$1:$G$34,5,0) -> 33 | D27: {=_xlfn.IFS( AND(C27>=18, C27<=25), "Emerging Adults", AND(C27>=26, C27<=35), "Young Adults", AND(C27>=36, C27<=45), "Midlife Adults", AND(C27>=46, C27<=55), "Mature Adults", C27>=56, "Older Adults", TRUE, "Age Not Mentioned")} -> Young Adults | E27: =VLOOKUP(user_activity!A462,users_details!$A$1:$G$34,6,0) -> Harlem, Manhattan | F27: =VLOOKUP(user_activity!A462,users_details!$A$1:$G$34,7,0) -> Harlem | G27: Manhattan | H27: 42477 | I27: =TEXT(H27, "dddd") -> Sunday | J27: =TEXT(H27, "mmmm") -> April | K27: 4.1799998 | L27: 4.1799998 | M27: 0 | N27: 0 | O27: 0 | P27: 4.1799998 | Q27: 0 | R27: 0 | S27: 0 | T27: 249 | U27: =R27+S27+T27 -> 249 | V27: 1191 | W27: 6198 | X27: =IF(W27=0,MEDIAN($W$2:$W$941),W27) -> 6198 | Y27: 1852 | Z27: {=_xlfn.IFS(OR(R27>66, S27>38), "High Engagement", OR(AND(R27>32, R27<=66), AND(S27>19, S27<=38)), "Medium-High Engagement", OR(AND(R27>4, R27<=32), AND(S27>6, S27<=19)),"Medium Engagement", TRUE, "Low Engagement" )} -> Low Engagement | AA27: =IF(W27>0, Y27/W27, 0) -> 0.29880607
A28: 2320127002 | B28: Mary Davis | C28: =VLOOKUP(user_activity!A474,users_details!$A$1:$G$34,5,0) -> 33 | D28: {=_xlfn.IFS( AND(C28>=18, C28<=25), "Emerging Adults", AND(C28>=26, C28<=35), "Young Adults", AND(C28>=36, C28<=45), "Midlife Adults", AND(C28>=46, C28<=55), "Mature Adults", C28>=56, "Older Adults", TRUE, "Age Not Mentioned")} -> Young Adults | E28: =VLOOKUP(user_activity!A474,users_details!$A$1:$G$34,6,0) -> Greenpoint, Brooklyn | F28: =VLOOKUP(user_activity!A474,users_details!$A$1:$G$34,7,0) -> Greenpoint | G28: Manhattan | H28: 42434 | I28: =TEXT(H28, "dddd") -> Saturday | J28: =TEXT(H28, "mmmm") -> March | K28: 5.02 | L28: 5.02 | M28: 0 | N28: 1.49 | O28: 0.37000001 | P28: 3.1600001 | Q28: 0 | R28: 20 | S28: 10 | T28: 206 | U28: =R28+S28+T28 -> 236 | V28: 1204 | W28: 7443 | X28: =IF(W28=0,MEDIAN($W$2:$W$941),W28) -> 7443 | Y28: 1878 | Z28: {=_xlfn.IFS(OR(R28>66, S28>38), "High Engagement", OR(AND(R28>32, R28<=66), AND(S28>19, S28<=38)), "Medium-High Engagement", OR(AND(R28>4, R28<=32), AND(S28>6, S28<=19)),"Medium Engagement", TRUE, "Low Engagement" )} -> Medium Engagement | AA28: =IF(W28>0, Y28/W28, 0) -> 0.25231761
A29: 2320127002 | B29: Mary Davis | C29: =VLOOKUP(user_activity!A499,users_details!$A$1:$G$34,5,0) -> 36 | D29: {=_xlfn.IFS( AND(C29>=18, C29<=25), "Emerging Adults", AND(C29>=26, C29<=35), "Young Adults", AND(C29>=36, C29<=45), "Midlife Adults", AND(C29>=46, C29<=55), "Mature Adults", C29>=56, "Older Adults", TRUE, "Age Not Mentioned")} -> Midlife Adults | E29: =VLOOKUP(user_activity!A499,users_details!$A$1:$G$34,6,0) -> Williamsburg, Brooklyn | F29: =VLOOKUP(user_activity!A499,users_details!$A$1:$G$34,7,0) -> Williamsburg | G29: Manhattan | H29: 42405 | I29: =TEXT(H29, "dddd") -> Friday | J29: =TEXT(H29, "mmmm") -> February | K29: 2.45 | L29: 2.45 | M29: 0 | N29: 0.36000001 | O29: 0.20999999 | P29: 1.88 | Q29: 0 | R29: 5 | S29: 6 | T29: 123 | U29: =R29+S29+T29 -> 134 | V29: 1306 | W29: 3634 | X29: =IF(W29=0,MEDIAN($W$2:$W$941),W29) -> 3634 | Y29: 1613 | Z29: {=_xlfn.IFS(OR(R29>66, S29>38), "High Engagement", OR(AND(R29>32, R29<=66), AND(S29>19, S29<=38)), "Medium-High Engagement", OR(AND(R29>4, R29<=32), AND(S29>6, S29<=19)),"Medium Engagement", TRUE, "Low Engagement" )} -> Medium Engagement | AA29: =IF(W29>0, Y29/W29, 0) -> 0.44386351
A30: 2320127002 | B30: Mary Davis | C30: =VLOOKUP(user_activity!A507,users_details!$A$1:$G$34,5,0) -> 36 | D30: {=_xlfn.IFS( AND(C30>=18, C30<=25), "Emerging Adults", AND(C30>=26, C30<=35), "Young Adults", AND(C30>=36, C30<=45), "Midlife Adults", AND(C30>=46, C30<=55), "Mature Adults", C30>=56, "Older Adults", TRUE, "Age Not Mentioned")} -> Midlife Adults | E30: =VLOOKUP(user_activity!A507,users_details!$A$1:$G$34,6,0) -> Williamsburg, Brooklyn | F30: =VLOOKUP(user_activity!A507,users_details!$A$1:$G$34,7,0) -> Williamsburg | G30: Manhattan | H30: 42465 | I30: =TEXT(H30, "dddd") -> Tuesday | J30: =TEXT(H30, "mmmm") -> April | K30: 0.81 | L30: 0.81 | M30: 0 | N30: 0 | O30: 0 | P30: 0.81 | Q30: 0 | R30: 0 | S30: 0 | T30: 52 | U30: =R30+S30+T30 -> 52 | V30: 1388 | W30: 1201 | X30: =IF(W30=0,MEDIAN($W$2:$W$941),W30) -> 1201 | Y30: 1426 | Z30: {=_xlfn.IFS(OR(R30>66, S30>38), "High Engagement", OR(AND(R30>32, R30<=66), AND(S30>19, S30<=38)), "Medium-High Engagement", OR(AND(R30>4, R30<=32), AND(S30>6, S30<=19)),"Medium Engagement", TRUE, "Low Engagement" )} -> Low Engagement | AA30: =IF(W30>0, Y30/W30, 0) -> 1.1873439
A31: 4319703577 | B31: James Smith | C31: =VLOOKUP(user_activity!A513,users_details!$A$1:$G$34,5,0) -> 36 | D31: {=_xlfn.IFS( AND(C31>=18, C31<=25), "Emerging Adults", AND(C31>=26, C31<=35), "Young Adults", AND(C31>=36, C31<=45), "Midlife Adults", AND(C31>=46, C31<=55), "Mature Adults", C31>=56, "Older Adults", TRUE, "Age Not Mentioned")} -> Midlife Adults | E31: =VLOOKUP(user_activity!A513,users_details!$A$1:$G$34,6,0) -> Williamsburg, Brooklyn | F31: =VLOOKUP(user_activity!A513,users_details!$A$1:$G$34,7,0) -> Williamsburg | G31: Manhattan | H31: 42486 | I31: =TEXT(H31, "dddd") -> Tuesday | J31: =TEXT(H31, "mmmm") -> April | K31: 6.6399999 | L31: 6.6399999 | M31: 0 | N31: 0.56999999 | O31: 0.92000002 | P31: 5.1500001 | Q31: 0 | R31: 8 | S31: 21 | T31: 288 | U31: =R31+S31+T31 -> 317 | V31: 649 | W31: 9899 | X31: =IF(W31=0,MEDIAN($W$2:$W$941),W31) -> 9899 | Y31: 2236 | Z31: {=_xlfn.IFS(OR(R31>66, S31>38), "High Engagement", OR(AND(R31>32, R31<=66), AND(S31>19, S31<=38)), "Medium-High Engagement", OR(AND(R31>4, R31<=32), AND(S31>6, S31<=19)),"Medium Engagement", TRUE, "Low Engagement" )} -> Medium-High Engagement | AA31: =IF(W31>0, Y31/W31, 0) -> 0.2258814
A32: 4319703577 | B32: James Smith | C32: =VLOOKUP(user_activity!A544,users_details!$A$1:$G$34,5,0) -> 38 | D32: {=_xlfn.IFS( AND(C32>=18, C32<=25), "Emerging Adults", AND(C32>=26, C32<=35), "Young Adults", AND(C32>=36, C32<=45), "Midlife Adults", AND(C32>=46, C32<=55), "Mature Adults", C32>=56, "Older Adults", TRUE, "Age Not Mentioned")} -> Midlife Adults | E32: =VLOOKUP(user_activity!A544,users_details!$A$1:$G$34,6,0) -> Midtown, Manhattan | F32: =VLOOKUP(user_activity!A544,users_details!$A$1:$G$34,7,0) -> Midtown | G32: Manhattan | H32: 42490 | I32: =TEXT(H32, "dddd") -> Saturday | J32: =TEXT(H32, "mmmm") -> April | K32: 5.52 | L32: 5.52 | M32: 0 | N32: 0.40000001 | O32: 1.61 | P32: 3.51 | Q32: 0 | R32: 6 | S32: 38 | T32: 196 | U32: =R32+S32+T32 -> 240 | V32: 695 | W32: 8221 | X32: =IF(W32=0,MEDIAN($W$2:$W$941),W32) -> 8221 | Y32: 2092 | Z32: {=_xlfn.IFS(OR(R32>66, S32>38), "High Engagement", OR(AND(R32>32, R32<=66), AND(S32>19, S32<=38)), "Medium-High Engagement", OR(AND(R32>4, R32<=32), AND(S32>6, S32<=19)),"Medium Engagement", TRUE, "Low Engagement" )} -> Medium-High Engagement | AA32: =IF(W32>0, Y32/W32, 0) -> 0.25447026
A33: 4319703577 | B33: James Smith | C33: =VLOOKUP(user_activity!A551,users_details!$A$1:$G$34,5,0) -> 38 | D33: {=_xlfn.IFS( AND(C33>=18, C33<=25), "Emerging Adults", AND(C33>=26, C33<=35), "Young Adults", AND(C33>=36, C33<=45), "Midlife Adults", AND(C33>=46, C33<=55), "Mature Adults", C33>=56, "Older Adults", TRUE, "Age Not Mentioned")} -> Midlife Adults | E33: =VLOOKUP(user_activity!A551,users_details!$A$1:$G$34,6,0) -> East Harlem, Manhattan | F33: =VLOOKUP(user_activity!A551,users_details!$A$1:$G$34,7,0) -> East Harlem | G33: Manhattan | H33: 42587 | I33: =TEXT(H33, "dddd") -> Friday | J33: =TEXT(H33, "mmmm") -> August | K33: 2.46 | L33: 2.46 | M33: 0 | N33: 0 | O33: 0 | P33: 2.46 | Q33: 0 | R33: 0 | S33: 0 | T33: 153 | U33: =R33+S33+T33 -> 153 | V33: 603 | W33: 3672 | X33: =IF(W33=0,MEDIAN($W$2:$W$941),W33) -> 3672 | Y33: 1792 | Z33: {=_xlfn.IFS(OR(R33>66, S33>38), "High Engagement", OR(AND(R33>32, R33<=66), AND(S33>19, S33<=38)), "Medium-High Engagement", OR(AND(R33>4, R33<=32), AND(S33>6, S33<=19)),"Medium Engagement", TRUE, "Low Engagement" )} -> Low Engagement | AA33: =IF(W33>0, Y33/W33, 0) -> 0.48801743
A34: 2320127002 | B34: Mary Davis | C34: =VLOOKUP(user_activity!A556,users_details!$A$1:$G$34,5,0) -> 38 | D34: {=_xlfn.IFS( AND(C34>=18, C34<=25), "Emerging Adults", AND(C34>=26, C34<=35), "Young Adults", AND(C34>=36, C34<=45), "Midlife Adults", AND(C34>=46, C34<=55), "Mature Adults", C34>=56, "Older Adults", TRUE, "Age Not Mentioned")} -> Midlife Adults | E34: =VLOOKUP(user_activity!A556,users_details!$A$1:$G$34,6,0) -> Midtown, Manhattan | F34: =VLOOKUP(user_activity!A556,users_details!$A$1:$G$34,7,0) -> Midtown | G34: Manhattan | H34: 42679 | I34: =TEXT(H34, "dddd") -> Saturday | J34: =TEXT(H34, "mmmm") -> November | K34: 4.3299999 | L34: 4.3299999 | M34: 0 | N34: 0 | O34: 0 | P34: 4.3299999 | Q34: 0 | R34: 0 | S34: 0 | T34: 300 | U34: =R34+S34+T34 -> 300 | V34: 1140 | W34: 6424 | X34: =IF(W34=0,MEDIAN($W$2:$W$941),W34) -> 6424 | Y34: 1903 | Z34: {=_xlfn.IFS(OR(R34>66, S34>38), "High Engagement", OR(AND(R34>32, R34<=66), AND(S34>19, S34<=38)), "Medium-High Engagement", OR(AND(R34>4, R34<=32), AND(S34>6, S34<=19)),"Medium Engagement", TRUE, "Low Engagement" )} -> Low Engagement | AA34: =IF(W34>0, Y34/W34, 0) -> 0.29623288
A35: 2320127002 | B35: Mary Davis | C35: =VLOOKUP(user_activity!A597,users_details!$A$1:$G$34,5,0) -> 39 | D35: {=_xlfn.IFS( AND(C35>=18, C35<=25), "Emerging Adults", AND(C35>=26, C35<=35), "Young Adults", AND(C35>=36, C35<=45), "Midlife Adults", AND(C35>=46, C35<=55), "Mature Adults", C35>=56, "Older Adults", TRUE, "Age Not Mentioned")} -> Midlife Adults | E35: =VLOOKUP(user_activity!A597,users_details!$A$1:$G$34,6,0) -> East Village, Manhattan | F35: =VLOOKUP(user_activity!A597,users_details!$A$1:$G$34,7,0) -> East Village | G35: Manhattan | H35: 42481 | I35: =TEXT(H35, "dddd") -> Thursday | J35: =TEXT(H35, "mmmm") -> April | K35: 2.29 | L35: 2.29 | M35: 0 | N35: 0.059999999 | O35: 0.41999999 | P35: 1.8099999 | Q35: 0 | R35: 1 | S35: 10 | T35: 127 | U35: =R35+S35+T35 -> 138 | V35: 1302 | W35: 3404 | X35: =IF(W35=0,MEDIAN($W$2:$W$941),W35) -> 3404 | Y35: 1610 | Z35: {=_xlfn.IFS(OR(R35>66, S35>38), "High Engagement", OR(AND(R35>32, R35<=66), AND(S35>19, S35<=38)), "Medium-High Engagement", OR(AND(R35>4, R35<=32), AND(S35>6, S35<=19)),"Medium Engagement", TRUE, "Low Engagement" )} -> Medium Engagement | AA35: =IF(W35>0, Y35/W35, 0) -> 0.47297297
A36: 2320127002 | B36: Mary Davis | C36: =VLOOKUP(user_activity!A603,users_details!$A$1:$G$34,5,0) -> 39 | D36: {=_xlfn.IFS( AND(C36>=18, C36<=25), "Emerging Adults", AND(C36>=26, C36<=35), "Young Adults", AND(C36>=36, C36<=45), "Midlife Adults", AND(C36>=46, C36<=55), "Mature Adults", C36>=56, "Older Adults", TRUE, "Age Not Mentioned")} -> Midlife Adults | E36: =VLOOKUP(user_activity!A603,users_details!$A$1:$G$34,6,0) -> East Village, Manhattan | F36: =VLOOKUP(user_activity!A603,users_details!$A$1:$G$34,7,0) -> East Village | G36: Manhattan | H36: 42485 | I36: =TEXT(H36, "dddd") -> Monday | J36: =TEXT(H36, "mmmm") -> April | K36: 2.4200001 | L36: 2.4200001 | M36: 0 | N36: 0.23 | O36: 0.2 | P36: 1.99 | Q36: 0 | R36: 3 | S36: 5 | T36: 152 | U36: =R36+S36+T36 -> 160 | V36: 1280 | W36: 3588 | X36: =IF(W36=0,MEDIAN($W$2:$W$941),W36) -> 3588 | Y36: 1654 | Z36: {=_xlfn.IFS(OR(R36>66, S36>38), "High Engagement", OR(AND(R36>32, R36<=66), AND(S36>19, S36<=38)), "Medium-High Engagement", OR(AND(R36>4, R36<=32), AND(S36>6, S36<=19)),"Medium Engagement", TRUE, "Low Engagement" )} -> Low Engagement | AA36: =IF(W36>0, Y36/W36, 0) -> 0.46098105
A37: 2320127002 | B37: Mary Davis | C37: =VLOOKUP(user_activity!A626,users_details!$A$1:$G$34,5,0) -> 41 | D37: {=_xlfn.IFS( AND(C37>=18, C37<=25), "Emerging Adults", AND(C37>=26, C37<=35), "Young Adults", AND(C37>=36, C37<=45), "Midlife Adults", AND(C37>=46, C37<=55), "Mature Adults", C37>=56, "Older Adults", TRUE, "Age Not Mentioned")} -> Midlife Adults | E37: =VLOOKUP(user_activity!A626,users_details!$A$1:$G$34,6,0) -> East Harlem, Manhattan | F37: =VLOOKUP(user_activity!A626,users_details!$A$1:$G$34,7,0) -> East Harlem | G37: Manhattan | H37: 42482 | I37: =TEXT(H37, "dddd") -> Friday | J37: =TEXT(H37, "mmmm") -> April | K37: 3.76 | L37: 3.76 | M37: 0 | N37: 0 | O37: 0 | P37: 3.76 | Q37: 0 | R37: 0 | S37: 0 | T37: 266 | U37: =R37+S37+T37 -> 266 | V37: 1174 | W37: 5583 | X37: =IF(W37=0,MEDIAN($W$2:$W$941),W37) -> 5583 | Y37: 1851 | Z37: {=_xlfn.IFS(OR(R37>66, S37>38), "High Engagement", OR(AND(R37>32, R37<=66), AND(S37>19, S37<=38)), "Medium-High Engagement", OR(AND(R37>4, R37<=32), AND(S37>6, S37<=19)),"Medium Engagement", TRUE, "Low Engagement" )} -> Low Engagement | AA37: =IF(W37>0, Y37/W37, 0) -> 0.33154218
A38: 4319703577 | B38: James Smith | C38: =VLOOKUP(user_activity!A637,users_details!$A$1:$G$34,5,0) -> 41 | D38: {=_xlfn.IFS( AND(C38>=18, C38<=25), "Emerging Adults", AND(C38>=26, C38<=35), "Young Adults", AND(C38>=36, C38<=45), "Midlife Adults", AND(C38>=46, C38<=55), "Mature Adults", C38>=56, "Older Adults", TRUE, "Age Not Mentioned")} -> Midlife Adults | E38: =VLOOKUP(user_activity!A637,users_details!$A$1:$G$34,6,0) -> East Harlem, Manhattan | F38: =VLOOKUP(user_activity!A637,users_details!$A$1:$G$34,7,0) -> East Harlem | G38: Manhattan | H38: 42465 | I38: =TEXT(H38, "dddd") -> Tuesday | J38: =TEXT(H38, "mmmm") -> April | K38: 7.02 | L38: 7.02 | M38: 0 | N38: 0.58999997 | O38: 0.57999998 | P38: 5.8499999 | Q38: 0 | R38: 8 | S38: 13 | T38: 313 | U38: =R38+S38+T38 -> 334 | V38: 1106 | W38: 10429 | X38: =IF(W38=0,MEDIAN($W$2:$W$941),W38) -> 10429 | Y38: 2282 | Z38: {=_xlfn.IFS(OR(R38>66, S38>38), "High Engagement", OR(AND(R38>32, R38<=66), AND(S38>19, S38<=38)), "Medium-High Engagement", OR(AND(R38>4, R38<=32), AND(S38>6, S38<=19)),"Medium Engagement", TRUE, "Low Engagement" )} -> Medium Engagement | AA38: =IF(W38>0, Y38/W38, 0) -> 0.21881293
A39: 4319703577 | B39: James Smith | C39: =VLOOKUP(user_activity!A683,users_details!$A$1:$G$34,5,0) -> 49 | D39: {=_xlfn.IFS( AND(C39>=18, C39<=25), "Emerging Adults", AND(C39>=26, C39<=35), "Young Adults", AND(C39>=36, C39<=45), "Midlife Adults", AND(C39>=46, C39<=55), "Mature Adults", C39>=56, "Older Adults", TRUE, "Age Not Mentioned")} -> Mature Adults | E39: =VLOOKUP(user_activity!A683,users_details!$A$1:$G$34,6,0) -> Upper West Side, Manhattan | F39: =VLOOKUP(user_activity!A683,users_details!$A$1:$G$34,7,0) -> Upper West Side | G39: Manhattan | H39: 42374 | I39: =TEXT(H39, "dddd") -> Tuesday | J39: =TEXT(H39, "mmmm") -> January | K39: 0.83999997 | L39: 0.83999997 | M39: 0 | N39: 0 | O39: 0 | P39: 0.83999997 | Q39: 0 | R39: 0 | S39: 0 | T39: 67 | U39: =R39+S39+T39 -> 67 | V39: 836 | W39: 1251 | X39: =IF(W39=0,MEDIAN($W$2:$W$941),W39) -> 1251 | Y39: 1593 | Z39: {=_xlfn.IFS(OR(R39>66, S39>38), "High Engagement", OR(AND(R39>32, R39<=66), AND(S39>19, S39<=38)), "Medium-High Engagement", OR(AND(R39>4, R39<=32), AND(S39>6, S39<=19)),"Medium Engagement", TRUE, "Low Engagement" )} -> Low Engagement | AA39: =IF(W39>0, Y39/W39, 0) -> 1.2733813
A40: 2320127002 | B40: Mary Davis | C40: =VLOOKUP(user_activity!A688,users_details!$A$1:$G$34,5,0) -> 49 | D40: {=_xlfn.IFS( AND(C40>=18, C40<=25), "Emerging Adults", AND(C40>=26, C40<=35), "Young Adults", AND(C40>=36, C40<=45), "Midlife Adults", AND(C40>=46, C40<=55), "Mature Adults", C40>=56, "Older Adults", TRUE, "Age Not Mentioned")} -> Mature Adults | E40: =VLOOKUP(user_activity!A688,users_details!$A$1:$G$34,6,0) -> Upper West Side, Manhattan | F40: =VLOOKUP(user_activity!A688,users_details!$A$1:$G$34,7,0) -> Upper West Side | G40: Manhattan | H40: 42709 | I40: =TEXT(H40, "dddd") -> Monday | J40: =TEXT(H40, "mmmm") -> December | K40: 1.79 | L40: 1.79 | M40: 0 | N40: 0 | O40: 0 | P40: 1.79 | Q40: 0 | R40: 0 | S40: 0 | T40: 128 | U40: =R40+S40+T40 -> 128 | V40: 830 | W40: 2661 | X40: =IF(W40=0,MEDIAN($W$2:$W$941),W40) -> 2661 | Y40: 1125 | Z40: {=_xlfn.IFS(OR(R40>66, S40>38), "High Engagement", OR(AND(R40>32, R40<=66), AND(S40>19, S40<=38)), "Medium-High Engagement", OR(AND(R40>4, R40<=32), AND(S40>6, S40<=19)),"Medium Engagement", TRUE, "Low Engagement" )} -> Low Engagement | AA40: =IF(W40>0, Y40/W40, 0) -> 0.42277339
A41: 4319703577 | B41: James Smith | C41: =VLOOKUP(user_activity!A695,users_details!$A$1:$G$34,5,0) -> 49 | D41: {=_xlfn.IFS( AND(C41>=18, C41<=25), "Emerging Adults", AND(C41>=26, C41<=35), "Young Adults", AND(C41>=36, C41<=45), "Midlife Adults", AND(C41>=46, C41<=55), "Mature Adults", C41>=56, "Older Adults", TRUE, "Age Not Mentioned")} -> Mature Adults | E41: =VLOOKUP(user_activity!A695,users_details!$A$1:$G$34,6,0) -> Upper West Side, Manhattan | F41: =VLOOKUP(user_activity!A695,users_details!$A$1:$G$34,7,0) -> Upper West Side | G41: Manhattan | H41: 42434 | I41: =TEXT(H41, "dddd") -> Saturday | J41: =TEXT(H41, "mmmm") -> March | K41: 6.4699998 | L41: 6.4699998 | M41: 0 | N41: 0.57999998 | O41: 1.0700001 | P41: 4.8299999 | Q41: 0 | R41: 8 | S41: 26 | T41: 287 | U41: =R41+S41+T41 -> 321 | V41: 669 | W41: 9648 | X41: =IF(W41=0,MEDIAN($W$2:$W$941),W41) -> 9648 | Y41: 2235 | Z41: {=_xlfn.IFS(OR(R41>66, S41>38), "High Engagement", OR(AND(R41>32, R41<=66), AND(S41>19, S41<=38)), "Medium-High Engagement", OR(AND(R41>4, R41<=32), AND(S41>6, S41<=19)),"Medium Engagement", TRUE, "Low Engagement" )} -> Medium-High Engagement | AA41: =IF(W41>0, Y41/W41, 0) -> 0.23165423
A42: 2320127002 | B42: Mary Davis | C42: =VLOOKUP(user_activity!A699,users_details!$A$1:$G$34,5,0) -> 53 | D42: {=_xlfn.IFS( AND(C42>=18, C42<=25), "Emerging Adults", AND(C42>=26, C42<=35), "Young Adults", AND(C42>=36, C42<=45), "Midlife Adults", AND(C42>=46, C42<=55), "Mature Adults", C42>=56, "Older Adults", TRUE, "Age Not Mentioned")} -> Mature Adults | E42: =VLOOKUP(user_activity!A699,users_details!$A$1:$G$34,6,0) -> Harlem, Manhattan | F42: =VLOOKUP(user_activity!A699,users_details!$A$1:$G$34,7,0) -> Harlem | G42: Manhattan | H42: 42475 | I42: =TEXT(H42, "dddd") -> Friday | J42: =TEXT(H42, "mmmm") -> April | K42: 3.51 | L42: 3.51 | M42: 0 | N42: 0 | O42: 0 | P42: 3.51 | Q42: 0 | R42: 0 | S42: 0 | T42: 245 | U42: =R42+S42+T42 -> 245 | V42: 1195 | W42: 5205 | X42: =IF(W42=0,MEDIAN($W$2:$W$941),W42) -> 5205 | Y42: 1801 | Z42: {=_xlfn.IFS(OR(R42>66, S42>38), "High Engagement", OR(AND(R42>32, R42<=66), AND(S42>19, S42<=38)), "Medium-High Engagement", OR(AND(R42>4, R42<=32), AND(S42>6, S42<=19)),"Medium Engagement", TRUE, "Low Engagement" )} -> Low Engagement | AA42: =IF(W42>0, Y42/W42, 0) -> 0.34601345
A43: 4319703577 | B43: James Smith | C43: =VLOOKUP(user_activity!A708,users_details!$A$1:$G$34,5,0) -> 53 | D43: {=_xlfn.IFS( AND(C43>=18, C43<=25), "Emerging Adults", AND(C43>=26, C43<=35), "Young Adults", AND(C43>=36, C43<=45), "Midlife Adults", AND(C43>=46, C43<=55), "Mature Adults", C43>=56, "Older Adults", TRUE, "Age Not Mentioned")} -> Mature Adults | E43: =VLOOKUP(user_activity!A708,users_details!$A$1:$G$34,6,0) -> Harlem, Manhattan | F43: =VLOOKUP(user_activity!A708,users_details!$A$1:$G$34,7,0) -> Harlem | G43: Manhattan | H43: 42477 | I43: =TEXT(H43, "dddd") -> Sunday | J43: =TEXT(H43, "mmmm") -> April | K43: 0.02 | L43: 0.02 | M43: 0 | N43: 0 | O43: 0 | P43: 0.02 | Q43: 0 | R43: 0 | S43: 0 | T43: 3 | U43: =R43+S43+T43 -> 3 | V43: 1363 | W43: 29 | X43: =IF(W43=0,MEDIAN($W$2:$W$941),W43) -> 29 | Y43: 1464 | Z43: {=_xlfn.IFS(OR(R43>66, S43>38), "High Engagement", OR(AND(R43>32, R43<=66), AND(S43>19, S43<=38)), "Medium-High Engagement", OR(AND(R43>4, R43<=32), AND(S43>6, S43<=19)),"Medium Engagement", TRUE, "Low Engagement" )} -> Low Engagement | AA43: =IF(W43>0, Y43/W43, 0) -> 50.482759
A44: 2320127002 | B44: Mary Davis | C44: =VLOOKUP(user_activity!A717,users_details!$A$1:$G$34,5,0) -> 53 | D44: {=_xlfn.IFS( AND(C44>=18, C44<=25), "Emerging Adults", AND(C44>=26, C44<=35), "Young Adults", AND(C44>=36, C44<=45), "Midlife Adults", AND(C44>=46, C44<=55), "Mature Adults", C44>=56, "Older Adults", TRUE, "Age Not Mentioned")} -> Mature Adults | E44: =VLOOKUP(user_activity!A717,users_details!$A$1:$G$34,6,0) -> Williamsburg, Brooklyn | F44: =VLOOKUP(user_activity!A717,users_details!$A$1:$G$34,7,0) -> Williamsburg | G44: Manhattan | H44: 42488 | I44: =TEXT(H44, "dddd") -> Thursday | J44: =TEXT(H44, "mmmm") -> April | K44: 1.03 | L44: 1.03 | M44: 0 | N44: 0 | O44: 0 | P44: 1.03 | Q44: 0 | R44: 0 | S44: 0 | T44: 76 | U44: =R44+S44+T44 -> 76 | V44: 1364 | W44: 1532 | X44: =IF(W44=0,MEDIAN($W$2:$W$941),W44) -> 1532 | Y44: 1473 | Z44: {=_xlfn.IFS(OR(R44>66, S44>38), "High Engagement", OR(AND(R44>32, R44<=66), AND(S44>19, S44<=38)), "Medium-High Engagement", OR(AND(R44>4, R44<=32), AND(S44>6, S44<=19)),"Medium Engagement", TRUE, "Low Engagement" )} -> Low Engagement | AA44: =IF(W44>0, Y44/W44, 0) -> 0.96148825
A45: 2320127002 | B45: Mary Davis | C45: =VLOOKUP(user_activity!A724,users_details!$A$1:$G$34,5,0) -> 53 | D45: {=_xlfn.IFS( AND(C45>=18, C45<=25), "Emerging Adults", AND(C45>=26, C45<=35), "Young Adults", AND(C45>=36, C45<=45), "Midlife Adults", AND(C45>=46, C45<=55), "Mature Adults", C45>=56, "Older Adults", TRUE, "Age Not Mentioned")} -> Mature Adults | E45: =VLOOKUP(user_activity!A724,users_details!$A$1:$G$34,6,0) -> Harlem, Manhattan | F45: =VLOOKUP(user_activity!A724,users_details!$A$1:$G$34,7,0) -> Harlem | G45: Manhattan | H45: 42489 | I45: =TEXT(H45, "dddd") -> Friday | J45: =TEXT(H45, "mmmm") -> April | K45: 0.62 | L45: 0.62 | M45: 0 | N45: 0 | O45: 0 | P45: 0.62 | Q45: 0 | R45: 0 | S45: 0 | T45: 45 | U45: =R45+S45+T45 -> 45 | V45: 1395 | W45: 924 | X45: =IF(W45=0,MEDIAN($W$2:$W$941),W45) -> 924 | Y45: 1410 | Z45: {=_xlfn.IFS(OR(R45>66, S45>38), "High Engagement", OR(AND(R45>32, R45<=66), AND(S45>19, S45<=38)), "Medium-High Engagement", OR(AND(R45>4, R45<=32), AND(S45>6, S45<=19)),"Medium Engagement", TRUE, "Low Engagement" )} -> Low Engagement | AA45: =IF(W45>0, Y45/W45, 0) -> 1.525974
A46: 4319703577 | B46: James Smith | C46: =VLOOKUP(user_activity!A729,users_details!$A$1:$G$34,5,0) -> 53 | D46: {=_xlfn.IFS( AND(C46>=18, C46<=25), "Emerging Adults", AND(C46>=26, C46<=35), "Young Adults", AND(C46>=36, C46<=45), "Midlife Adults", AND(C46>=46, C46<=55), "Mature Adults", C46>=56, "Older Adults", TRUE, "Age Not Mentioned")} -> Mature Adults | E46: =VLOOKUP(user_activity!A729,users_details!$A$1:$G$34,6,0) -> Harlem, Manhattan | F46: =VLOOKUP(user_activity!A729,users_details!$A$1:$G$34,7,0) -> Harlem | G46: Manhattan | H46: 42679 | I46: =TEXT(H46, "dddd") -> Saturday | J46: =TEXT(H46, "mmmm") -> November | K46: 6.1300001 | L46: 6.1300001 | M46: 0 | N46: 0.2 | O46: 0.74000001 | P46: 5.1799998 | Q46: 0 | R46: 3 | S46: 18 | T46: 311 | U46: =R46+S46+T46 -> 332 | V46: 574 | W46: 9129 | X46: =IF(W46=0,MEDIAN($W$2:$W$941),W46) -> 9129 | Y46: 2232 | Z46: {=_xlfn.IFS(OR(R46>66, S46>38), "High Engagement", OR(AND(R46>32, R46<=66), AND(S46>19, S46<=38)), "Medium-High Engagement", OR(AND(R46>4, R46<=32), AND(S46>6, S46<=19)),"Medium Engagement", TRUE, "Low Engagement" )} -> Medium Engagement | AA46: =IF(W46>0, Y46/W46, 0) -> 0.24449556
A47: 4319703577 | B47: James Smith | C47: =VLOOKUP(user_activity!A738,users_details!$A$1:$G$34,5,0) -> 53 | D47: {=_xlfn.IFS( AND(C47>=18, C47<=25), "Emerging Adults", AND(C47>=26, C47<=35), "Young Adults", AND(C47>=36, C47<=45), "Midlife Adults", AND(C47>=46, C47<=55), "Mature Adults", C47>=56, "Older Adults", TRUE, "Age Not Mentioned")} -> Mature Adults | E47: =VLOOKUP(user_activity!A738,users_details!$A$1:$G$34,6,0) -> Harlem, Manhattan | F47: =VLOOKUP(user_activity!A738,users_details!$A$1:$G$34,7,0) -> Harlem | G47: Manhattan | H47: 42475 | I47: =TEXT(H47, "dddd") -> Friday | J47: =TEXT(H47, "mmmm") -> April | K47: 3.8 | L47: 3.8 | M47: 0 | N47: 0 | O47: 0 | P47: 3.8 | Q47: 0 | R47: 0 | S47: 0 | T47: 228 | U47: =R47+S47+T47 -> 228 | V47: 752 | W47: 5664 | X47: =IF(W47=0,MEDIAN($W$2:$W$941),W47) -> 5664 | Y47: 1985 | Z47: {=_xlfn.IFS(OR(R47>66, S47>38), "High Engagement", OR(AND(R47>32, R47<=66), AND(S47>19, S47<=38)), "Medium-High Engagement", OR(AND(R47>4, R47<=32), AND(S47>6, S47<=19)),"Medium Engagement", TRUE, "Low Engagement" )} -> Low Engagement | AA47: =IF(W47>0, Y47/W47, 0) -> 0.35045904
A48: 2320127002 | B48: Mary Davis | C48: =VLOOKUP(user_activity!A739,users_details!$A$1:$G$34,5,0) -> 53 | D48: {=_xlfn.IFS( AND(C48>=18, C48<=25), "Emerging Adults", AND(C48>=26, C48<=35), "Young Adults", AND(C48>=36, C48<=45), "Midlife Adults", AND(C48>=46, C48<=55), "Mature Adults", C48>=56, "Older Adults", TRUE, "Age Not Mentioned")} -> Mature Adults | E48: =VLOOKUP(user_activity!A739,users_details!$A$1:$G$34,6,0) -> Williamsburg, Brooklyn | F48: =VLOOKUP(user_activity!A739,users_details!$A$1:$G$34,7,0) -> Williamsburg | G48: Manhattan | H48: 42480 | I48: =TEXT(H48, "dddd") -> Wednesday | J48: =TEXT(H48, "mmmm") -> April | K48: 4.8499999 | L48: 4.8499999 | M48: 0 | N48: 0 | O48: 0.49000001 | P48: 4.3400002 | Q48: 0 | R48: 0 | S48: 11 | T48: 283 | U48: =R48+S48+T48 -> 294 | V48: 1146 | W48: 7192 | X48: =IF(W48=0,MEDIAN($W$2:$W$941),W48) -> 7192 | Y48: 1922 | Z48: {=_xlfn.IFS(OR(R48>66, S48>38), "High Engagement", OR(AND(R48>32, R48<=66), AND(S48>19, S48<=38)), "Medium-High Engagement", OR(AND(R48>4, R48<=32), AND(S48>6, S48<=19)),"Medium Engagement", TRUE, "Low Engagement" )} -> Medium Engagement | AA48: =IF(W48>0, Y48/W48, 0) -> 0.26724138
A49: 2320127002 | B49: Mary Davis | C49: =VLOOKUP(user_activity!A757,users_details!$A$1:$G$34,5,0) -> 53 | D49: {=_xlfn.IFS( AND(C49>=18, C49<=25), "Emerging Adults", AND(C49>=26, C49<=35), "Young Adults", AND(C49>=36, C49<=45), "Midlife Adults", AND(C49>=46, C49<=55), "Mature Adults", C49>=56, "Older Adults", TRUE, "Age Not Mentioned")} -> Mature Adults | E49: =VLOOKUP(user_activity!A757,users_details!$A$1:$G$34,6,0) -> Harlem, Manhattan | F49: =VLOOKUP(user_activity!A757,users_details!$A$1:$G$34,7,0) -> Harlem | G49: Manhattan | H49: 42587 | I49: =TEXT(H49, "dddd") -> Friday | J49: =TEXT(H49, "mmmm") -> August | K49: 3.48 | L49: 3.48 | M49: 0 | N49: 0 | O49: 0 | P49: 3.47 | Q49: 0 | R49: 0 | S49: 0 | T49: 247 | U49: =R49+S49+T49 -> 247 | V49: 1193 | W49: 5161 | X49: =IF(W49=0,MEDIAN($W$2:$W$941),W49) -> 5161 | Y49: 1821 | Z49: {=_xlfn.IFS(OR(R49>66, S49>38), "High Engagement", OR(AND(R49>32, R49<=66), AND(S49>19, S49<=38)), "Medium-High Engagement", OR(AND(R49>4, R49<=32), AND(S49>6, S49<=19)),"Medium Engagement", TRUE, "Low Engagement" )} -> Low Engagement | AA49: =IF(W49>0, Y49/W49, 0) -> 0.3528386
A50: 2320127002 | B50: Mary Davis | C50: =VLOOKUP(user_activity!A772,users_details!$A$1:$G$34,5,0) -> 53 | D50: {=_xlfn.IFS( AND(C50>=18, C50<=25), "Emerging Adults", AND(C50>=26, C50<=35), "Young Adults", AND(C50>=36, C50<=45), "Midlife Adults", AND(C50>=46, C50<=55), "Mature Adults", C50>=56, "Older Adults", TRUE, "Age Not Mentioned")} -> Mature Adults | E50: =VLOOKUP(user_activity!A772,users_details!$A$1:$G$34,6,0) -> Harlem, Manhattan | F50: =VLOOKUP(user_activity!A772,users_details!$A$1:$G$34,7,0) -> Harlem | G50: Manhattan | H50: 42526 | I50: =TEXT(H50, "dddd") -> Sunday | J50: =TEXT(H50, "mmmm") -> June | K50: 3.29 | L50: 3.29 | M50: 0 | N50: 0 | O50: 0 | P50: 3.29 | Q50: 0 | R50: 0 | S50: 0 | T50: 204 | U50: =R50+S50+T50 -> 204 | V50: 1236 | W50: 4878 | X50: =IF(W50=0,MEDIAN($W$2:$W$941),W50) -> 4878 | Y50: 1742 | Z50: {=_xlfn.IFS(OR(R50>66, S50>38), "High Engagement", OR(AND(R50>32, R50<=66), AND(S50>19, S50<=38)), "Medium-High Engagement", OR(AND(R50>4, R50<=32), AND(S50>6, S50<=19)),"Medium Engagement", TRUE, "Low Engagement" )} -> Low Engagement | AA50: =IF(W50>0, Y50/W50, 0) -> 0.35711357
A51: 4319703577 | B51: James Smith | C51: =VLOOKUP(user_activity!A780,users_details!$A$1:$G$34,5,0) -> 53 | D51: {=_xlfn.IFS( AND(C51>=18, C51<=25), "Emerging Adults", AND(C51>=26, C51<=35), "Young Adults", AND(C51>=36, C51<=45), "Midlife Adults", AND(C51>=46, C51<=55), "Mature Adults", C51>=56, "Older Adults", TRUE, "Age Not Mentioned")} -> Mature Adults | E51: =VLOOKUP(user_activity!A780,users_details!$A$1:$G$34,6,0) -> Harlem, Manhattan | F51: =VLOOKUP(user_activity!A780,users_details!$A$1:$G$34,7,0) -> Harlem | G51: Manhattan | H51: 42483 | I51: =TEXT(H51, "dddd") -> Saturday | J51: =TEXT(H51, "mmmm") -> April | K51: 3.3099999 | L51: 3.3099999 | M51: 0 | N51: 0 | O51: 0 | P51: 3.3099999 | Q51: 0 | R51: 0 | S51: 0 | T51: 233 | U51: =R51+S51+T51 -> 233 | V51: 546 | W51: 4935 | X51: =IF(W51=0,MEDIAN($W$2:$W$941),W51) -> 4935 | Y51: 1945 | Z51: {=_xlfn.IFS(OR(R51>66, S51>38), "High Engagement", OR(AND(R51>32, R51<=66), AND(S51>19, S51<=38)), "Medium-High Engagement", OR(AND(R51>4, R51<=32), AND(S51>6, S51<=19)),"Medium Engagement", TRUE, "Low Engagement" )} -> Low Engagement | AA51: =IF(W51>0, Y51/W51, 0) -> 0.39412361
A52: 4319703577 | B52: James Smith | C52: =VLOOKUP(user_activity!A781,users_details!$A$1:$G$34,5,0) -> 53 | D52: {=_xlfn.IFS( AND(C52>=18, C52<=25), "Emerging Adults", AND(C52>=26, C52<=35), "Young Adults", AND(C52>=36, C52<=45), "Midlife Adults", AND(C52>=46, C52<=55), "Mature Adults", C52>=56, "Older Adults", TRUE, "Age Not Mentioned")} -> Mature Adults | E52: =VLOOKUP(user_activity!A781,users_details!$A$1:$G$34,6,0) -> Harlem, Manhattan | F52: =VLOOKUP(user_activity!A781,users_details!$A$1:$G$34,7,0) -> Harlem | G52: Manhattan | H52: 42488 | I52: =TEXT(H52, "dddd") -> Thursday | J52: =TEXT(H52, "mmmm") -> April | K52: 7.2800002 | L52: 7.2800002 | M52: 0 | N52: 1.01 | O52: 0.33000001 | P52: 5.9400001 | Q52: 0 | R52: 13 | S52: 8 | T52: 359 | U52: =R52+S52+T52 -> 380 | V52: 552 | W52: 10817 | X52: =IF(W52=0,MEDIAN($W$2:$W$941),W52) -> 10817 | Y52: 2367 | Z52: {=_xlfn.IFS(OR(R52>66, S52>38), "High Engagement", OR(AND(R52>32, R52<=66), AND(S52>19, S52<=38)), "Medium-High Engagement", OR(AND(R52>4, R52<=32), AND(S52>6, S52<=19)),"Medium Engagement", TRUE, "Low Engagement" )} -> Medium Engagement | AA52: =IF(W52>0, Y52/W52, 0) -> 0.21882222
A53: 2320127002 | B53: Mary Davis | C53: =VLOOKUP(user_activity!A784,users_details!$A$1:$G$34,5,0) -> 53 | D53: {=_xlfn.IFS( AND(C53>=18, C53<=25), "Emerging Adults", AND(C53>=26, C53<=35), "Young Adults", AND(C53>=36, C53<=45), "Midlife Adults", AND(C53>=46, C53<=55), "Mature Adults", C53>=56, "Older Adults", TRUE, "Age Not Mentioned")} -> Mature Adults | E53: =VLOOKUP(user_activity!A784,users_details!$A$1:$G$34,6,0) -> Harlem, Manhattan | F53: =VLOOKUP(user_activity!A784,users_details!$A$1:$G$34,7,0) -> Harlem | G53: Manhattan | H53: 42473 | I53: =TEXT(H53, "dddd") -> Wednesday | J53: =TEXT(H53, "mmmm") -> April | K53: 4.9000001 | L53: 4.9000001 | M53: 0 | N53: 0 | O53: 0 | P53: 4.9000001 | Q53: 0 | R53: 0 | S53: 0 | T53: 335 | U53: =R53+S53+T53 -> 335 | V53: 1105 | W53: 7275 | X53: =IF(W53=0,MEDIAN($W$2:$W$941),W53) -> 7275 | Y53: 2003 | Z53: {=_xlfn.IFS(OR(R53>66, S53>38), "High Engagement", OR(AND(R53>32, R53<=66), AND(S53>19, S53<=38)), "Medium-High Engagement", OR(AND(R53>4, R53<=32), AND(S53>6, S53<=19)),"Medium Engagement", TRUE, "Low Engagement" )} -> Low Engagement | AA53: =IF(W53>0, Y53/W53, 0) -> 0.27532646
A54: 4319703577 | B54: James Smith | C54: =VLOOKUP(user_activity!A797,users_details!$A$1:$G$34,5,0) -> 54 | D54: {=_xlfn.IFS( AND(C54>=18, C54<=25), "Emerging Adults", AND(C54>=26, C54<=35), "Young Adults", AND(C54>=36, C54<=45), "Midlife Adults", AND(C54>=46, C54<=55), "Mature Adults", C54>=56, "Older Adults", TRUE, "Age Not Mentioned")} -> Mature Adults | E54: =VLOOKUP(user_activity!A797,users_details!$A$1:$G$34,6,0) -> Crown Heights, Brooklyn | F54: =VLOOKUP(user_activity!A797,users_details!$A$1:$G$34,7,0) -> Crown Heights | G54: Manhattan | H54: 42556 | I54: =TEXT(H54, "dddd") -> Tuesday | J54: =TEXT(H54, "mmmm") -> July | K54: 5.3299999 | L54: 5.3299999 | M54: 0 | N54: 0.19 | O54: 1.05 | P54: 4.0799999 | Q54: 0 | R54: 3 | S54: 28 | T54: 279 | U54: =R54+S54+T54 -> 310 | V54: 586 | W54: 7937 | X54: =IF(W54=0,MEDIAN($W$2:$W$941),W54) -> 7937 | Y54: 2158 | Z54: {=_xlfn.IFS(OR(R54>66, S54>38), "High Engagement", OR(AND(R54>32, R54<=66), AND(S54>19, S54<=38)), "Medium-High Engagement", OR(AND(R54>4, R54<=32), AND(S54>6, S54<=19)),"Medium Engagement", TRUE, "Low Engagement" )} -> Medium-High Engagement | AA54: =IF(W54>0, Y54/W54, 0) -> 0.27189114
A55: 2320127002 | B55: Mary Davis | C55: =VLOOKUP(user_activity!A806,users_details!$A$1:$G$34,5,0) -> 54 | D55: {=_xlfn.IFS( AND(C55>=18, C55<=25), "Emerging Adults", AND(C55>=26, C55<=35), "Young Adults", AND(C55>=36, C55<=45), "Midlife Adults", AND(C55>=46, C55<=55), "Mature Adults", C55>=56, "Older Adults", TRUE, "Age Not Mentioned")} -> Mature Adults | E55: =VLOOKUP(user_activity!A806,users_details!$A$1:$G$34,6,0) -> Crown Heights, Brooklyn | F55: =VLOOKUP(user_activity!A806,users_details!$A$1:$G$34,7,0) -> Crown Heights | G55: Manhattan | H55: 42486 | I55: =TEXT(H55, "dddd") -> Tuesday | J55: =TEXT(H55, "mmmm") -> April | K55: 2.3 | L55: 2.3 | M55: 0 | N55: 0 | O55: 0 | P55: 2.3 | Q55: 0 | R55: 0 | S55: 0 | T55: 147 | U55: =R55+S55+T55 -> 147 | V55: 1293 | W55: 3409 | X55: =IF(W55=0,MEDIAN($W$2:$W$941),W55) -> 3409 | Y55: 1632 | Z55: {=_xlfn.IFS(OR(R55>66, S55>38), "High Engagement", OR(AND(R55>32, R55<=66), AND(S55>19, S55<=38)), "Medium-High Engagement", OR(AND(R55>4, R55<=32), AND(S55>6, S55<=19)),"Medium Engagement", TRUE, "Low Engagement" )} -> Low Engagement | AA55: =IF(W55>0, Y55/W55, 0) -> 0.47873277
A56: 4319703577 | B56: James Smith | C56: =VLOOKUP(user_activity!A813,users_details!$A$1:$G$34,5,0) -> 54 | D56: {=_xlfn.IFS( AND(C56>=18, C56<=25), "Emerging Adults", AND(C56>=26, C56<=35), "Young Adults", AND(C56>=36, C56<=45), "Midlife Adults", AND(C56>=46, C56<=55), "Mature Adults", C56>=56, "Older Adults", TRUE, "Age Not Mentioned")} -> Mature Adults | E56: =VLOOKUP(user_activity!A813,users_details!$A$1:$G$34,6,0) -> Crown Heights, Brooklyn | F56: =VLOOKUP(user_activity!A813,users_details!$A$1:$G$34,7,0) -> Crown Heights | G56: Manhattan | H56: 42482 | I56: =TEXT(H56, "dddd") -> Friday | J56: =TEXT(H56, "mmmm") -> April | K56: 3.02 | L56: 3.02 | M56: 0 | N56: 0.059999999 | O56: 0.81 | P56: 2.1500001 | Q56: 0 | R56: 1 | S56: 19 | T56: 176 | U56: =R56+S56+T56 -> 196 | V56: 709 | W56: 4500 | X56: =IF(W56=0,MEDIAN($W$2:$W$941),W56) -> 4500 | Y56: 1886 | Z56: {=_xlfn.IFS(OR(R56>66, S56>38), "High Engagement", OR(AND(R56>32, R56<=66), AND(S56>19, S56<=38)), "Medium-High Engagement", OR(AND(R56>4, R56<=32), AND(S56>6, S56<=19)),"Medium Engagement", TRUE, "Low Engagement" )} -> Medium Engagement | AA56: =IF(W56>0, Y56/W56, 0) -> 0.41911111
A57: 2320127002 | B57: Mary Davis | C57: =VLOOKUP(user_activity!A832,users_details!$A$1:$G$34,5,0) -> 56 | D57: {=_xlfn.IFS( AND(C57>=18, C57<=25), "Emerging Adults", AND(C57>=26, C57<=35), "Young Adults", AND(C57>=36, C57<=45), "Midlife Adults", AND(C57>=46, C57<=55), "Mature Adults", C57>=56, "Older Adults", TRUE, "Age Not Mentioned")} -> Older Adults | E57: =VLOOKUP(user_activity!A832,users_details!$A$1:$G$34,6,0) -> Flatbush, Brooklyn | F57: =VLOOKUP(user_activity!A832,users_details!$A$1:$G$34,7,0) -> Flatbush | G57: Manhattan | H57: 42708 | I57: =TEXT(H57, "dddd") -> Sunday | J57: =TEXT(H57, "mmmm") -> December | K57: 7.4899998 | L57: 7.4899998 | M57: 0 | N57: 1.17 | O57: 0.31 | P57: 6.0100002 | Q57: 0 | R57: 13 | S57: 9 | T57: 306 | U57: =R57+S57+T57 -> 328 | V57: 1112 | W57: 10725 | X57: =IF(W57=0,MEDIAN($W$2:$W$941),W57) -> 10725 | Y57: 2124 | Z57: {=_xlfn.IFS(OR(R57>66, S57>38), "High Engagement", OR(AND(R57>32, R57<=66), AND(S57>19, S57<=38)), "Medium-High Engagement", OR(AND(R57>4, R57<=32), AND(S57>6, S57<=19)),"Medium Engagement", TRUE, "Low Engagement" )} -> Medium Engagement | AA57: =IF(W57>0, Y57/W57, 0) -> 0.19804196
A58: 4319703577 | B58: James Smith | C58: =VLOOKUP(user_activity!A852,users_details!$A$1:$G$34,5,0) -> 58 | D58: {=_xlfn.IFS( AND(C58>=18, C58<=25), "Emerging Adults", AND(C58>=26, C58<=35), "Young Adults", AND(C58>=36, C58<=45), "Midlife Adults", AND(C58>=46, C58<=55), "Mature Adults", C58>=56, "Older Adults", TRUE, "Age Not Mentioned")} -> Older Adults | E58: =VLOOKUP(user_activity!A852,users_details!$A$1:$G$34,6,0) -> East Village, Manhattan | F58: =VLOOKUP(user_activity!A852,users_details!$A$1:$G$34,7,0) -> East Village | G58: Manhattan | H58: 42405 | I58: =TEXT(H58, "dddd") -> Friday | J58: =TEXT(H58, "mmmm") -> February | K58: 6.2399998 | L58: 6.2399998 | M58: 0 | N58: 0 | O58: 0.44 | P58: 5.71 | Q58: 0 | R58: 0 | S58: 11 | T58: 344 | U58: =R58+S58+T58 -> 355 | V58: 585 | W58: 9261 | X58: =IF(W58=0,MEDIAN($W$2:$W$941),W58) -> 9261 | Y58: 2270 | Z58: {=_xlfn.IFS(OR(R58>66, S58>38), "High Engagement", OR(AND(R58>32, R58<=66), AND(S58>19, S58<=38)), "Medium-High Engagement", OR(AND(R58>4, R58<=32), AND(S58>6, S58<=19)),"Medium Engagement", TRUE, "Low Engagement" )} -> Medium Engagement | AA58: =IF(W58>0, Y58/W58, 0) -> 0.24511392
A59: 4319703577 | B59: James Smith | C59: =VLOOKUP(user_activity!A859,users_details!$A$1:$G$34,5,0) -> 58 | D59: {=_xlfn.IFS( AND(C59>=18, C59<=25), "Emerging Adults", AND(C59>=26, C59<=35), "Young Adults", AND(C59>=36, C59<=45), "Midlife Adults", AND(C59>=46, C59<=55), "Mature Adults", C59>=56, "Older Adults", TRUE, "Age Not Mentioned")} -> Older Adults | E59: =VLOOKUP(user_activity!A859,users_details!$A$1:$G$34,6,0) -> East Village, Manhattan | F59: =VLOOKUP(user_activity!A859,users_details!$A$1:$G$34,7,0) -> East Village | G59: Manhattan | H59: 42480 | I59: =TEXT(H59, "dddd") -> Wednesday | J59: =TEXT(H59, "mmmm") -> April | K59: 6.0100002 | L59: 6.0100002 | M59: 0 | N59: 0 | O59: 0.68000001 | P59: 5.3099999 | Q59: 0 | R59: 0 | S59: 18 | T59: 306 | U59: =R59+S59+T59 -> 324 | V59: 671 | W59: 8954 | X59: =IF(W59=0,MEDIAN($W$2:$W$941),W59) -> 8954 | Y59: 2220 | Z59: {=_xlfn.IFS(OR(R59>66, S59>38), "High Engagement", OR(AND(R59>32, R59<=66), AND(S59>19, S59<=38)), "Medium-High Engagement", OR(AND(R59>4, R59<=32), AND(S59>6, S59<=19)),"Medium Engagement", TRUE, "Low Engagement" )} -> Medium Engagement | AA59: =IF(W59>0, Y59/W59, 0) -> 0.24793388
A60: 2320127002 | B60: Mary Davis | C60: =VLOOKUP(user_activity!A876,users_details!$A$1:$G$34,5,0) -> 58 | D60: {=_xlfn.IFS( AND(C60>=18, C60<=25), "Emerging Adults", AND(C60>=26, C60<=35), "Young Adults", AND(C60>=36, C60<=45), "Midlife Adults", AND(C60>=46, C60<=55), "Mature Adults", C60>=56, "Older Adults", TRUE, "Age Not Mentioned")} -> Older Adults | E60: =VLOOKUP(user_activity!A876,users_details!$A$1:$G$34,6,0) -> East Village, Manhattan | F60: =VLOOKUP(user_activity!A876,users_details!$A$1:$G$34,7,0) -> East Village | G60: Manhattan | H60: 42556 | I60: =TEXT(H60, "dddd") -> Tuesday | J60: =TEXT(H60, "mmmm") -> July | K60: 4.9699998 | L60: 4.9699998 | M60: 0 | N60: 0 | O60: 0 | P60: 4.9699998 | Q60: 0 | R60: 0 | S60: 0 | T60: 319 | U60: =R60+S60+T60 -> 319 | V60: 1121 | W60: 7379 | X60: =IF(W60=0,MEDIAN($W$2:$W$941),W60) -> 7379 | Y60: 1972 | Z60: {=_xlfn.IFS(OR(R60>66, S60>38), "High Engagement", OR(AND(R60>32, R60<=66), AND(S60>19, S60<=38)), "Medium-High Engagement", OR(AND(R60>4, R60<=32), AND(S60>6, S60<=19)),"Medium Engagement", TRUE, "Low Engagement" )} -> Low Engagement | AA60: =IF(W60>0, Y60/W60, 0) -> 0.26724488
A61: 4319703577 | B61: James Smith | C61: =VLOOKUP(user_activity!A880,users_details!$A$1:$G$34,5,0) -> 58 | D61: {=_xlfn.IFS( AND(C61>=18, C61<=25), "Emerging Adults", AND(C61>=26, C61<=35), "Young Adults", AND(C61>=36, C61<=45), "Midlife Adults", AND(C61>=46, C61<=55), "Mature Adults", C61>=56, "Older Adults", TRUE, "Age Not Mentioned")} -> Older Adults | E61: =VLOOKUP(user_activity!A880,users_details!$A$1:$G$34,6,0) -> East Village, Manhattan | F61: =VLOOKUP(user_activity!A880,users_details!$A$1:$G$34,7,0) -> East Village | G61: Manhattan | H61: 42478 | I61: =TEXT(H61, "dddd") -> Monday | J61: =TEXT(H61, "mmmm") -> April | K61: 1.55 | L61: 1.55 | M61: 0 | N61: 0.07 | O61: 0.33000001 | P61: 1.12 | Q61: 0 | R61: 1 | S61: 9 | T61: 58 | U61: =R61+S61+T61 -> 68 | V61: 824 | W61: 2276 | X61: =IF(W61=0,MEDIAN($W$2:$W$941),W61) -> 2276 | Y61: 1632 | Z61: {=_xlfn.IFS(OR(R61>66, S61>38), "High Engagement", OR(AND(R61>32, R61<=66), AND(S61>19, S61<=38)), "Medium-High Engagement", OR(AND(R61>4, R61<=32), AND(S61>6, S61<=19)),"Medium Engagement", TRUE, "Low Engagement" )} -> Medium Engagement | AA61: =IF(W61>0, Y61/W61, 0) -> 0.71704745
A62: 2320127002 | B62: Mary Davis | C62: =VLOOKUP(user_activity!A891,users_details!$A$1:$G$34,5,0) -> 59 | D62: {=_xlfn.IFS( AND(C62>=18, C62<=25), "Emerging Adults", AND(C62>=26, C62<=35), "Young Adults", AND(C62>=36, C62<=45), "Midlife Adults", AND(C62>=46, C62<=55), "Mature Adults", C62>=56, "Older Adults", TRUE, "Age Not Mentioned")} -> Older Adults | E62: =VLOOKUP(user_activity!A891,users_details!$A$1:$G$34,6,0) -> Upper West Side, Manhattan | F62: =VLOOKUP(user_activity!A891,users_details!$A$1:$G$34,7,0) -> Upper West Side | G62: Manhattan | H62: 42618 | I62: =TEXT(H62, "dddd") -> Monday | J62: =TEXT(H62, "mmmm") -> September | K62: 2.0799999 | L62: 2.0799999 | M62: 0 | N62: 0 | O62: 0 | P62: 2.0799999 | Q62: 0 | R62: 0 | S62: 0 | T62: 145 | U62: =R62+S62+T62 -> 145 | V62: 1295 | W62: 3090 | X62: =IF(W62=0,MEDIAN($W$2:$W$941),W62) -> 3090 | Y62: 1630 | Z62: {=_xlfn.IFS(OR(R62>66, S62>38), "High Engagement", OR(AND(R62>32, R62<=66), AND(S62>19, S62<=38)), "Medium-High Engagement", OR(AND(R62>4, R62<=32), AND(S62>6, S62<=19)),"Medium Engagement", TRUE, "Low Engagement" )} -> Low Engagement | AA62: =IF(W62>0, Y62/W62, 0) -> 0.52750809
A63: 4319703577 | B63: James Smith | C63: =VLOOKUP(user_activity!A914,users_details!$A$1:$G$34,5,0) -> 60 | D63: {=_xlfn.IFS( AND(C63>=18, C63<=25), "Emerging Adults", AND(C63>=26, C63<=35), "Young Adults", AND(C63>=36, C63<=45), "Midlife Adults", AND(C63>=46, C63<=55), "Mature Adults", C63>=56, "Older Adults", TRUE, "Age Not Mentioned")} -> Older Adults | E63: =VLOOKUP(user_activity!A914,users_details!$A$1:$G$34,6,0) -> East Village, Manhattan | F63: =VLOOKUP(user_activity!A914,users_details!$A$1:$G$34,7,0) -> East Village | G63: Manhattan | H63: 42476 | I63: =TEXT(H63, "dddd") -> Saturday | J63: =TEXT(H63, "mmmm") -> April | K63: 3.1800001 | L63: 3.1800001 | M63: 0 | N63: 0 | O63: 0 | P63: 3.1800001 | Q63: 0 | R63: 0 | S63: 0 | T63: 194 | U63: =R63+S63+T63 -> 194 | V63: 724 | W63: 4744 | X63: =IF(W63=0,MEDIAN($W$2:$W$941),W63) -> 4744 | Y63: 1884 | Z63: {=_xlfn.IFS(OR(R63>66, S63>38), "High Engagement", OR(AND(R63>32, R63<=66), AND(S63>19, S63<=38)), "Medium-High Engagement", OR(AND(R63>4, R63<=32), AND(S63>6, S63<=19)),"Medium Engagement", TRUE, "Low Engagement" )} -> Low Engagement | AA63: =IF(W63>0, Y63/W63, 0) -> 0.39713322
A64: 1624580081 | B64: Patricia Williams | C64: =VLOOKUP(user_activity!A24,users_details!$A$1:$G$34,5,0) -> 18 | D64: {=_xlfn.IFS( AND(C64>=18, C64<=25), "Emerging Adults", AND(C64>=26, C64<=35), "Young Adults", AND(C64>=36, C64<=45), "Midlife Adults", AND(C64>=46, C64<=55), "Mature Adults", C64>=56, "Older Adults", TRUE, "Age Not Mentioned")} -> Emerging Adults | E64: =VLOOKUP(user_activity!A24,users_details!$A$1:$G$34,6,0) -> Upper West Side, Manhattan | F64: =VLOOKUP(user_activity!A24,users_details!$A$1:$G$34,7,0) -> Upper West Side | G64: Brooklyn | H64: 42480 | I64: =TEXT(H64, "dddd") -> Wednesday | J64: =TEXT(H64, "mmmm") -> April | K64: 3.23 | L64: 3.23 | M64: 0 | N64: 0 | O64: 0 | P64: 3.23 | Q64: 0 | R64: 0 | S64: 0 | T64: 151 | U64: =R64+S64+T64 -> 151 | V64: 1289 | W64: 4974 | X64: =IF(W64=0,MEDIAN($W$2:$W$941),W64) -> 4974 | Y64: 1446 | Z64: {=_xlfn.IFS(OR(R64>66, S64>38), "High Engagement", OR(AND(R64>32, R64<=66), AND(S64>19, S64<=38)), "Medium-High Engagement", OR(AND(R64>4, R64<=32), AND(S64>6, S64<=19)),"Medium Engagement", TRUE, "Low Engagement" )} -> Low Engagement | AA64: =IF(W64>0, Y64/W64, 0) -> 0.2907117
A65: 1624580081 | B65: Patricia Williams | C65: =VLOOKUP(user_activity!A85,users_details!$A$1:$G$34,5,0) -> 21 | D65: {=_xlfn.IFS( AND(C65>=18, C65<=25), "Emerging Adults", AND(C65>=26, C65<=35), "Young Adults", AND(C65>=36, C65<=45), "Midlife Adults", AND(C65>=46, C65<=55), "Mature Adults", C65>=56, "Older Adults", TRUE, "Age Not Mentioned")} -> Emerging Adults | E65: =VLOOKUP(user_activity!A85,users_details!$A$1:$G$34,6,0) -> Bushwick, Brooklyn | F65: =VLOOKUP(user_activity!A85,users_details!$A$1:$G$34,7,0) -> Bushwick | G65: Brooklyn | H65: 42485 | I65: =TEXT(H65, "dddd") -> Monday | J65: =TEXT(H65, "mmmm") -> April | K65: 4.2199998 | L65: 4.2199998 | M65: 0 | N65: 0 | O65: 0 | P65: 4.1999998 | Q65: 0.02 | R65: 0 | S65: 0 | T65: 202 | U65: =R65+S65+T65 -> 202 | V65: 1238 | W65: 6497 | X65: =IF(W65=0,MEDIAN($W$2:$W$941),W65) -> 6497 | Y65: 1492 | Z65: {=_xlfn.IFS(OR(R65>66, S65>38), "High Engagement", OR(AND(R65>32, R65<=66), AND(S65>19, S65<=38)), "Medium-High Engagement", OR(AND(R65>4, R65<=32), AND(S65>6, S65<=19)),"Medium Engagement", TRUE, "Low Engagement" )} -> Low Engagement | AA65: =IF(W65>0, Y65/W65, 0) -> 0.22964445
A66: 1624580081 | B66: Patricia Williams | C66: =VLOOKUP(user_activity!A104,users_details!$A$1:$G$34,5,0) -> 22 | D66: {=_xlfn.IFS( AND(C66>=18, C66<=25), "Emerging Adults", AND(C66>=26, C66<=35), "Young Adults", AND(C66>=36, C66<=45), "Midlife Adults", AND(C66>=46, C66<=55), "Mature Adults", C66>=56, "Older Adults", TRUE, "Age Not Mentioned")} -> Emerging Adults | E66: =VLOOKUP(user_activity!A104,users_details!$A$1:$G$34,6,0) -> Washington Heights, Manhattan | F66: =VLOOKUP(user_activity!A104,users_details!$A$1:$G$34,7,0) -> Washington Heights | G66: Brooklyn | H66: 42679 | I66: =TEXT(H66, "dddd") -> Saturday | J66: =TEXT(H66, "mmmm") -> November | K66: 2.04 | L66: 2.04 | M66: 0 | N66: 0 | O66: 0 | P66: 2.04 | Q66: 0 | R66: 0 | S66: 0 | T66: 112 | U66: =R66+S66+T66 -> 112 | V66: 1328 | W66: 3134 | X66: =IF(W66=0,MEDIAN($W$2:$W$941),W66) -> 3134 | Y66: 1359 | Z66: {=_xlfn.IFS(OR(R66>66, S66>38), "High Engagement", OR(AND(R66>32, R66<=66), AND(S66>19, S66<=38)), "Medium-High Engagement", OR(AND(R66>4, R66<=32), AND(S66>6, S66<=19)),"Medium Engagement", TRUE, "Low Engagement" )} -> Low Engagement | AA66: =IF(W66>0, Y66/W66, 0) -> 0.43363114
A67: 1624580081 | B67: Patricia Williams | C67: =VLOOKUP(user_activity!A169,users_details!$A$1:$G$34,5,0) -> 23 | D67: {=_xlfn.IFS( AND(C67>=18, C67<=25), "Emerging Adults", AND(C67>=26, C67<=35), "Young Adults", AND(C67>=36, C67<=45), "Midlife Adults", AND(C67>=46, C67<=55), "Mature Adults", C67>=56, "Older Adults", TRUE, "Age Not Mentioned")} -> Emerging Adults | E67: =VLOOKUP(user_activity!A169,users_details!$A$1:$G$34,6,0) -> Washington Heights, Manhattan | F67: =VLOOKUP(user_activity!A169,users_details!$A$1:$G$34,7,0) -> Washington Heights | G67: Brooklyn | H67: 42490 | I67: =TEXT(H67, "dddd") -> Saturday | J67: =TEXT(H67, "mmmm") -> April | K67: 4.3000002 | L67: 4.3000002 | M67: 0 | N67: 0.89999998 | O67: 1.28 | P67: 2.1199999 | Q67: 0.01 | R67: 11 | S67: 23 | T67: 224 | U67: =R67+S67+T67 -> 258 | V67: 1182 | W67: 6474 | X67: =IF(W67=0,MEDIAN($W$2:$W$941),W67) -> 6474 | Y67: 1655 | Z67: {=_xlfn.IFS(OR(R67>66, S67>38), "High Engagement", OR(AND(R67>32, R67<=66), AND(S67>19, S67<=38)), "Medium-High Engagement", OR(AND(R67>4, R67<=32), AND(S67>6, S67<=19)),"Medium Engagement", TRUE, "Low Engagement" )} -> Medium-High Engagement | AA67: =IF(W67>0, Y67/W67, 0) -> 0.25563794
A68: 1624580081 | B68: Patricia Williams | C68: =VLOOKUP(user_activity!A179,users_details!$A$1:$G$34,5,0) -> 23 | D68: {=_xlfn.IFS( AND(C68>=18, C68<=25), "Emerging Adults", AND(C68>=26, C68<=35), "Young Adults", AND(C68>=36, C68<=45), "Midlife Adults", AND(C68>=46, C68<=55), "Mature Adults", C68>=56, "Older Adults", TRUE, "Age Not Mentioned")} -> Emerging Adults | E68: =VLOOKUP(user_activity!A179,users_details!$A$1:$G$34,6,0) -> Washington Heights, Manhattan | F68: =VLOOKUP(user_activity!A179,users_details!$A$1:$G$34,7,0) -> Washington Heights | G68: Brooklyn | H68: 42474 | I68: =TEXT(H68, "dddd") -> Thursday | J68: =TEXT(H68, "mmmm") -> April | K68: 5.9200001 | L68: 5.9200001 | M68: 0 | N68: 0 | O68: 0 | P68: 5.9099998 | Q68: 0.01 | R68: 0 | S68: 0 | T68: 236 | U68: =R68+S68+T68 -> 236 | V68: 1204 | W68: 9107 | X68: =IF(W68=0,MEDIAN($W$2:$W$941),W68) -> 9107 | Y68: 1572 | Z68: {=_xlfn.IFS(OR(R68>66, S68>38), "High Engagement", OR(AND(R68>32, R68<=66), AND(S68>19, S68<=38)), "Medium-High Engagement", OR(AND(R68>4, R68<=32), AND(S68>6, S68<=19)),"Medium Engagement", TRUE, "Low Engagement" )} -> Low Engagement | AA68: =IF(W68>0, Y68/W68, 0) -> 0.17261447
A69: 1624580081 | B69: Patricia Williams | C69: =VLOOKUP(user_activity!A180,users_details!$A$1:$G$34,5,0) -> 23 | D69: {=_xlfn.IFS( AND(C69>=18, C69<=25), "Emerging Adults", AND(C69>=26, C69<=35), "Young Adults", AND(C69>=36, C69<=45), "Midlife Adults", AND(C69>=46, C69<=55), "Mature Adults", C69>=56, "Older Adults", TRUE, "Age Not Mentioned")} -> Emerging Adults | E69: =VLOOKUP(user_activity!A180,users_details!$A$1:$G$34,6,0) -> Crown Heights, Brooklyn | F69: =VLOOKUP(user_activity!A180,users_details!$A$1:$G$34,7,0) -> Crown Heights | G69: Brooklyn | H69: 42708 | I69: =TEXT(H69, "dddd") -> Sunday | J69: =TEXT(H69, "mmmm") -> December | K69: 5.3099999 | L69: 5.3099999 | M69: 0 | N69: 0 | O69: 0 | P69: 5.3099999 | Q69: 0 | R69: 0 | S69: 0 | T69: 146 | U69: =R69+S69+T69 -> 146 | V69: 1294 | W69: 8163 | X69: =IF(W69=0,MEDIAN($W$2:$W$941),W69) -> 8163 | Y69: 1432 | Z69: {=_xlfn.IFS(OR(R69>66, S69>38), "High Engagement", OR(AND(R69>32, R69<=66), AND(S69>19, S69<=38)), "Medium-High Engagement", OR(AND(R69>4, R69<=32), AND(S69>6, S69<=19)),"Medium Engagement", TRUE, "Low Engagement" )} -> Low Engagement | AA69: =IF(W69>0, Y69/W69, 0) -> 0.1754257
A70: 1624580081 | B70: Patricia Williams | C70: =VLOOKUP(user_activity!A201,users_details!$A$1:$G$34,5,0) -> 23 | D70: {=_xlfn.IFS( AND(C70>=18, C70<=25), "Emerging Adults", AND(C70>=26, C70<=35), "Young Adults", AND(C70>=36, C70<=45), "Midlife Adults", AND(C70>=46, C70<=55), "Mature Adults", C70>=56, "Older Adults", TRUE, "Age Not Mentioned")} -> Emerging Adults | E70: =VLOOKUP(user_activity!A201,users_details!$A$1:$G$34,6,0) -> Washington Heights, Manhattan | F70: =VLOOKUP(user_activity!A201,users_details!$A$1:$G$34,7,0) -> Washington Heights | G70: Brooklyn | H70: 42495 | I70: =TEXT(H70, "dddd") -> Thursday | J70: =TEXT(H70, "mmmm") -> May | K70: 1.61 | L70: 1.61 | M70: 0 | N70: 0 | O70: 0 | P70: 1.58 | Q70: 0.02 | R70: 0 | S70: 0 | T70: 117 | U70: =R70+S70+T70 -> 117 | V70: 1323 | W70: 2470 | X70: =IF(W70=0,MEDIAN($W$2:$W$941),W70) -> 2470 | Y70: 1370 | Z70: {=_xlfn.IFS(OR(R70>66, S70>38), "High Engagement", OR(AND(R70>32, R70<=66), AND(S70>19, S70<=38)), "Medium-High Engagement", OR(AND(R70>4, R70<=32), AND(S70>6, S70<=19)),"Medium Engagement", TRUE, "Low Engagement" )} -> Low Engagement | AA70: =IF(W70>0, Y70/W70, 0) -> 0.55465587
A71: 1624580081 | B71: Patricia Williams | C71: =VLOOKUP(user_activity!A226,users_details!$A$1:$G$34,5,0) -> 24 | D71: {=_xlfn.IFS( AND(C71>=18, C71<=25), "Emerging Adults", AND(C71>=26, C71<=35), "Young Adults", AND(C71>=36, C71<=45), "Midlife Adults", AND(C71>=46, C71<=55), "Mature Adults", C71>=56, "Older Adults", TRUE, "Age Not Mentioned")} -> Emerging Adults | E71: =VLOOKUP(user_activity!A226,users_details!$A$1:$G$34,6,0) -> East Village, Manhattan | F71: =VLOOKUP(user_activity!A226,users_details!$A$1:$G$34,7,0) -> East Village | G71: Brooklyn | H71: 42526 | I71: =TEXT(H71, "dddd") -> Sunday | J71: =TEXT(H71, "mmmm") -> June | K71: 1.12 | L71: 1.12 | M71: 0 | N71: 0 | O71: 0 | P71: 1.12 | Q71: 0.01 | R71: 0 | S71: 0 | T71: 102 | U71: =R71+S71+T71 -> 102 | V71: 1338 | W71: 1727 | X71: =IF(W71=0,MEDIAN($W$2:$W$941),W71) -> 1727 | Y71: 1341 | Z71: {=_xlfn.IFS(OR(R71>66, S71>38), "High Engagement", OR(AND(R71>32, R71<=66), AND(S71>19, S71<=38)), "Medium-High Engagement", OR(AND(R71>4, R71<=32), AND(S71>6, S71<=19)),"Medium Engagement", TRUE, "Low Engagement" )} -> Low Engagement | AA71: =IF(W71>0, Y71/W71, 0) -> 0.77649102
A72: 1624580081 | B72: Patricia Williams | C72: =VLOOKUP(user_activity!A254,users_details!$A$1:$G$34,5,0) -> 29 | D72: {=_xlfn.IFS( AND(C72>=18, C72<=25), "Emerging Adults", AND(C72>=26, C72<=35), "Young Adults", AND(C72>=36, C72<=45), "Midlife Adults", AND(C72>=46, C72<=55), "Mature Adults", C72>=56, "Older Adults", TRUE, "Age Not Mentioned")} -> Young Adults | E72: =VLOOKUP(user_activity!A254,users_details!$A$1:$G$34,6,0) -> Crown Heights, Brooklyn | F72: =VLOOKUP(user_activity!A254,users_details!$A$1:$G$34,7,0) -> Crown Heights | G72: Brooklyn | H72: 42648 | I72: =TEXT(H72, "dddd") -> Wednesday | J72: =TEXT(H72, "mmmm") -> October | K72: 1.9299999 | L72: 1.9299999 | M72: 0 | N72: 0 | O72: 0 | P72: 1.92 | Q72: 0.01 | R72: 0 | S72: 0 | T72: 139 | U72: =R72+S72+T72 -> 139 | V72: 1301 | W72: 2969 | X72: =IF(W72=0,MEDIAN($W$2:$W$941),W72) -> 2969 | Y72: 1393 | Z72: {=_xlfn.IFS(OR(R72>66, S72>38), "High Engagement", OR(AND(R72>32, R72<=66), AND(S72>19, S72<=38)), "Medium-High Engagement", OR(AND(R72>4, R72<=32), AND(S72>6, S72<=19)),"Medium Engagement", TRUE, "Low Engagement" )} -> Low Engagement | AA72: =IF(W72>0, Y72/W72, 0) -> 0.46918154
A73: 1624580081 | B73: Patricia Williams | C73: =VLOOKUP(user_activity!A342,users_details!$A$1:$G$34,5,0) -> 30 | D73: {=_xlfn.IFS( AND(C73>=18, C73<=25), "Emerging Adults", AND(C73>=26, C73<=35), "Young Adults", AND(C73>=36, C73<=45), "Midlife Adults", AND(C73>=46, C73<=55), "Mature Adults", C73>=56, "Older Adults", TRUE, "Age Not Mentioned")} -> Young Adults | E73: =VLOOKUP(user_activity!A342,users_details!$A$1:$G$34,6,0) -> Midtown, Manhattan | F73: =VLOOKUP(user_activity!A342,users_details!$A$1:$G$34,7,0) -> Midtown | G73: Brooklyn | H73: 42482 | I73: =TEXT(H73, "dddd") -> Friday | J73: =TEXT(H73, "mmmm") -> April | K73: 2.6199999 | L73: 2.6199999 | M73: 0 | N73: 0 | O73: 0 | P73: 2.5999999 | Q73: 0 | R73: 0 | S73: 0 | T73: 199 | U73: =R73+S73+T73 -> 199 | V73: 1241 | W73: 4026 | X73: =IF(W73=0,MEDIAN($W$2:$W$941),W73) -> 4026 | Y73: 1470 | Z73: {=_xlfn.IFS(OR(R73>66, S73>38), "High Engagement", OR(AND(R73>32, R73<=66), AND(S73>19, S73<=38)), "Medium-High Engagement", OR(AND(R73>4, R73<=32), AND(S73>6, S73<=19)),"Medium Engagement", TRUE, "Low Engagement" )} -> Low Engagement | AA73: =IF(W73>0, Y73/W73, 0) -> 0.36512668
A74: 1624580081 | B74: Patricia Williams | C74: =VLOOKUP(user_activity!A346,users_details!$A$1:$G$34,5,0) -> 30 | D74: {=_xlfn.IFS( AND(C74>=18, C74<=25), "Emerging Adults", AND(C74>=26, C74<=35), "Young Adults", AND(C74>=36, C74<=45), "Midlife Adults", AND(C74>=46, C74<=55), "Mature Adults", C74>=56, "Older Adults", TRUE, "Age Not Mentioned")} -> Young Adults | E74: =VLOOKUP(user_activity!A346,users_details!$A$1:$G$34,6,0) -> Clinton Hill, Brooklyn | F74: =VLOOKUP(user_activity!A346,users_details!$A$1:$G$34,7,0) -> Clinton Hill | G74: Brooklyn | H74: 42556 | I74: =TEXT(H74, "dddd") -> Tuesday | J74: =TEXT(H74, "mmmm") -> July | K74: 1.37 | L74: 1.37 | M74: 0 | N74: 0 | O74: 0 | P74: 1.37 | Q74: 0 | R74: 0 | S74: 0 | T74: 182 | U74: =R74+S74+T74 -> 182 | V74: 1258 | W74: 2104 | X74: =IF(W74=0,MEDIAN($W$2:$W$941),W74) -> 2104 | Y74: 1474 | Z74: {=_xlfn.IFS(OR(R74>66, S74>38), "High Engagement", OR(AND(R74>32, R74<=66), AND(S74>19, S74<=38)), "Medium-High Engagement", OR(AND(R74>4, R74<=32), AND(S74>6, S74<=19)),"Medium Engagement", TRUE, "Low Engagement" )} -> Low Engagement | AA74: =IF(W74>0, Y74/W74, 0) -> 0.70057034
A75: 1624580081 | B75: Patricia Williams | C75: =VLOOKUP(user_activity!A355,users_details!$A$1:$G$34,5,0) -> 31 | D75: {=_xlfn.IFS( AND(C75>=18, C75<=25), "Emerging Adults", AND(C75>=26, C75<=35), "Young Adults", AND(C75>=36, C75<=45), "Midlife Adults", AND(C75>=46, C75<=55), "Mature Adults", C75>=56, "Older Adults", TRUE, "Age Not Mentioned")} -> Young Adults | E75: =VLOOKUP(user_activity!A355,users_details!$A$1:$G$34,6,0) -> Midtown, Manhattan | F75: =VLOOKUP(user_activity!A355,users_details!$A$1:$G$34,7,0) -> Midtown | G75: Brooklyn | H75: 42405 | I75: =TEXT(H75, "dddd") -> Friday | J75: =TEXT(H75, "mmmm") -> February | K75: 4.9299998 | L75: 4.9299998 | M75: 0 | N75: 0.86000001 | O75: 0.58999997 | P75: 3.47 | Q75: 0 | R75: 7 | S75: 6 | T75: 166 | U75: =R75+S75+T75 -> 179 | V75: 1261 | W75: 7155 | X75: =IF(W75=0,MEDIAN($W$2:$W$941),W75) -> 7155 | Y75: 1497 | Z75: {=_xlfn.IFS(OR(R75>66, S75>38), "High Engagement", OR(AND(R75>32, R75<=66), AND(S75>19, S75<=38)), "Medium-High Engagement", OR(AND(R75>4, R75<=32), AND(S75>6, S75<=19)),"Medium Engagement", TRUE, "Low Engagement" )} -> Medium Engagement | AA75: =IF(W75>0, Y75/W75, 0) -> 0.20922432
A76: 1624580081 | B76: Patricia Williams | C76: =VLOOKUP(user_activity!A369,users_details!$A$1:$G$34,5,0) -> 31 | D76: {=_xlfn.IFS( AND(C76>=18, C76<=25), "Emerging Adults", AND(C76>=26, C76<=35), "Young Adults", AND(C76>=36, C76<=45), "Midlife Adults", AND(C76>=46, C76<=55), "Mature Adults", C76>=56, "Older Adults", TRUE, "Age Not Mentioned")} -> Young Adults | E76: =VLOOKUP(user_activity!A369,users_details!$A$1:$G$34,6,0) -> Midtown, Manhattan | F76: =VLOOKUP(user_activity!A369,users_details!$A$1:$G$34,7,0) -> Midtown | G76: Brooklyn | H76: 42709 | I76: =TEXT(H76, "dddd") -> Monday | J76: =TEXT(H76, "mmmm") -> December | K76: 1.9299999 | L76: 1.9299999 | M76: 0 | N76: 0 | O76: 0 | P76: 1.92 | Q76: 0.01 | R76: 0 | S76: 0 | T76: 107 | U76: =R76+S76+T76 -> 107 | V76: 890 | W76: 2971 | X76: =IF(W76=0,MEDIAN($W$2:$W$941),W76) -> 2971 | Y76: 1002 | Z76: {=_xlfn.IFS(OR(R76>66, S76>38), "High Engagement", OR(AND(R76>32, R76<=66), AND(S76>19, S76<=38)), "Medium-High Engagement", OR(AND(R76>4, R76<=32), AND(S76>6, S76<=19)),"Medium Engagement", TRUE, "Low Engagement" )} -> Low Engagement | AA76: =IF(W76>0, Y76/W76, 0) -> 0.33726018
A77: 1624580081 | B77: Patricia Williams | C77: =VLOOKUP(user_activity!A419,users_details!$A$1:$G$34,5,0) -> 32 | D77: {=_xlfn.IFS( AND(C77>=18, C77<=25), "Emerging Adults", AND(C77>=26, C77<=35), "Young Adults", AND(C77>=36, C77<=45), "Midlife Adults", AND(C77>=46, C77<=55), "Mature Adults", C77>=56, "Older Adults", TRUE, "Age Not Mentioned")} -> Young Adults | E77: =VLOOKUP(user_activity!A419,users_details!$A$1:$G$34,6,0) -> Greenpoint, Brooklyn | F77: =VLOOKUP(user_activity!A419,users_details!$A$1:$G$34,7,0) -> Greenpoint | G77: Brooklyn | H77: 42484 | I77: =TEXT(H77, "dddd") -> Sunday | J77: =TEXT(H77, "mmmm") -> April | K77: 3.95 | L77: 3.95 | M77: 0 | N77: 1.15 | O77: 0.91000003 | P77: 1.89 | Q77: 0 | R77: 16 | S77: 18 | T77: 185 | U77: =R77+S77+T77 -> 219 | V77: 1221 | W77: 6076 | X77: =IF(W77=0,MEDIAN($W$2:$W$941),W77) -> 6076 | Y77: 1617 | Z77: {=_xlfn.IFS(OR(R77>66, S77>38), "High Engagement", OR(AND(R77>32, R77<=66), AND(S77>19, S77<=38)), "Medium-High Engagement", OR(AND(R77>4, R77<=32), AND(S77>6, S77<=19)),"Medium Engagement", TRUE, "Low Engagement" )} -> Medium Engagement | AA77: =IF(W77>0, Y77/W77, 0) -> 0.26612903
A78: 1624580081 | B78: Patricia Williams | C78: =VLOOKUP(user_activity!A420,users_details!$A$1:$G$34,5,0) -> 32 | D78: {=_xlfn.IFS( AND(C78>=18, C78<=25), "Emerging Adults", AND(C78>=26, C78<=35), "Young Adults", AND(C78>=36, C78<=45), "Midlife Adults", AND(C78>=46, C78<=55), "Mature Adults", C78>=56, "Older Adults", TRUE, "Age Not Mentioned")} -> Young Adults | E78: =VLOOKUP(user_activity!A420,users_details!$A$1:$G$34,6,0) -> Greenpoint, Brooklyn | F78: =VLOOKUP(user_activity!A420,users_details!$A$1:$G$34,7,0) -> Greenpoint | G78: Brooklyn | H78: 42483 | I78: =TEXT(H78, "dddd") -> Saturday | J78: =TEXT(H78, "mmmm") -> April | K78: 5.5500002 | L78: 5.5500002 | M78: 0 | N78: 0 | O78: 0 | P78: 5.54 | Q78: 0.01 | R78: 0 | S78: 0 | T78: 227 | U78: =R78+S78+T78 -> 227 | V78: 1213 | W78: 8538 | X78: =IF(W78=0,MEDIAN($W$2:$W$941),W78) -> 8538 | Y78: 1562 | Z78: {=_xlfn.IFS(OR(R78>66, S78>38), "High Engagement", OR(AND(R78>32, R78<=66), AND(S78>19, S78<=38)), "Medium-High Engagement", OR(AND(R78>4, R78<=32), AND(S78>6, S78<=19)),"Medium Engagement", TRUE, "Low Engagement" )} -> Low Engagement | AA78: =IF(W78>0, Y78/W78, 0) -> 0.18294683
A79: 1624580081 | B79: Patricia Williams | C79: =VLOOKUP(user_activity!A519,users_details!$A$1:$G$34,5,0) -> 36 | D79: {=_xlfn.IFS( AND(C79>=18, C79<=25), "Emerging Adults", AND(C79>=26, C79<=35), "Young Adults", AND(C79>=36, C79<=45), "Midlife Adults", AND(C79>=46, C79<=55), "Mature Adults", C79>=56, "Older Adults", TRUE, "Age Not Mentioned")} -> Midlife Adults | E79: =VLOOKUP(user_activity!A519,users_details!$A$1:$G$34,6,0) -> Williamsburg, Brooklyn | F79: =VLOOKUP(user_activity!A519,users_details!$A$1:$G$34,7,0) -> Williamsburg | G79: Brooklyn | H79: 42587 | I79: =TEXT(H79, "dddd") -> Friday | J79: =TEXT(H79, "mmmm") -> August | K79: 2.23 | L79: 2.23 | M79: 0 | N79: 0 | O79: 0 | P79: 2.22 | Q79: 0 | R79: 0 | S79: 0 | T79: 152 | U79: =R79+S79+T79 -> 152 | V79: 1288 | W79: 3427 | X79: =IF(W79=0,MEDIAN($W$2:$W$941),W79) -> 3427 | Y79: 1427 | Z79: {=_xlfn.IFS(OR(R79>66, S79>38), "High Engagement", OR(AND(R79>32, R79<=66), AND(S79>19, S79<=38)), "Medium-High Engagement", OR(AND(R79>4, R79<=32), AND(S79>6, S79<=19)),"Medium Engagement", TRUE, "Low Engagement" )} -> Low Engagement | AA79: =IF(W79>0, Y79/W79, 0) -> 0.41639918
A80: 1624580081 | B80: Patricia Williams | C80: =VLOOKUP(user_activity!A524,users_details!$A$1:$G$34,5,0) -> 36 | D80: {=_xlfn.IFS( AND(C80>=18, C80<=25), "Emerging Adults", AND(C80>=26, C80<=35), "Young Adults", AND(C80>=36, C80<=45), "Midlife Adults", AND(C80>=46, C80<=55), "Mature Adults", C80>=56, "Older Adults", TRUE, "Age Not Mentioned")} -> Midlife Adults | E80: =VLOOKUP(user_activity!A524,users_details!$A$1:$G$34,6,0) -> Williamsburg, Brooklyn | F80: =VLOOKUP(user_activity!A524,users_details!$A$1:$G$34,7,0) -> Williamsburg | G80: Brooklyn | H80: 42487 | I80: =TEXT(H80, "dddd") -> Wednesday | J80: =TEXT(H80, "mmmm") -> April | K80: 5.4400001 | L80: 5.4400001 | M80: 0 | N80: 1.11 | O80: 1.87 | P80: 2.46 | Q80: 0 | R80: 17 | S80: 36 | T80: 154 | U80: =R80+S80+T80 -> 207 | V80: 1233 | W80: 8367 | X80: =IF(W80=0,MEDIAN($W$2:$W$941),W80) -> 8367 | Y80: 1670 | Z80: {=_xlfn.IFS(OR(R80>66, S80>38), "High Engagement", OR(AND(R80>32, R80<=66), AND(S80>19, S80<=38)), "Medium-High Engagement", OR(AND(R80>4, R80<=32), AND(S80>6, S80<=19)),"Medium Engagement", TRUE, "Low Engagement" )} -> Medium-High Engagement | AA80: =IF(W80>0, Y80/W80, 0) -> 0.19959364
A81: 1624580081 | B81: Patricia Williams | C81: =VLOOKUP(user_activity!A539,users_details!$A$1:$G$34,5,0) -> 38 | D81: {=_xlfn.IFS( AND(C81>=18, C81<=25), "Emerging Adults", AND(C81>=26, C81<=35), "Young Adults", AND(C81>=36, C81<=45), "Midlife Adults", AND(C81>=46, C81<=55), "Mature Adults", C81>=56, "Older Adults", TRUE, "Age Not Mentioned")} -> Midlife Adults | E81: =VLOOKUP(user_activity!A539,users_details!$A$1:$G$34,6,0) -> Midtown, Manhattan | F81: =VLOOKUP(user_activity!A539,users_details!$A$1:$G$34,7,0) -> Midtown | G81: Brooklyn | H81: 42374 | I81: =TEXT(H81, "dddd") -> Tuesday | J81: =TEXT(H81, "mmmm") -> January | K81: 28.030001 | L81: 28.030001 | M81: 0 | N81: 21.92 | O81: 4.1900001 | P81: 1.91 | Q81: 0.02 | R81: 186 | S81: 63 | T81: 171 | U81: =R81+S81+T81 -> 420 | V81: 1020 | W81: 36019 | X81: =IF(W81=0,MEDIAN($W$2:$W$941),W81) -> 36019 | Y81: 2690 | Z81: {=_xlfn.IFS(OR(R81>66, S81>38), "High Engagement", OR(AND(R81>32, R81<=66), AND(S81>19, S81<=38)), "Medium-High Engagement", OR(AND(R81>4, R81<=32), AND(S81>6, S81<=19)),"Medium Engagement", TRUE, "Low Engagement" )} -> High Engagement | AA81: =IF(W81>0, Y81/W81, 0) -> 0.074682806
A82: 1624580081 | B82: Patricia Williams | C82: =VLOOKUP(user_activity!A554,users_details!$A$1:$G$34,5,0) -> 38 | D82: {=_xlfn.IFS( AND(C82>=18, C82<=25), "Emerging Adults", AND(C82>=26, C82<=35), "Young Adults", AND(C82>=36, C82<=45), "Midlife Adults", AND(C82>=46, C82<=55), "Mature Adults", C82>=56, "Older Adults", TRUE, "Age Not Mentioned")} -> Midlife Adults | E82: =VLOOKUP(user_activity!A554,users_details!$A$1:$G$34,6,0) -> East Harlem, Manhattan | F82: =VLOOKUP(user_activity!A554,users_details!$A$1:$G$34,7,0) -> East Harlem | G82: Brooklyn | H82: 42479 | I82: =TEXT(H82, "dddd") -> Tuesday | J82: =TEXT(H82, "mmmm") -> April | K82: 1.9 | L82: 1.9 | M82: 0 | N82: 0 | O82: 0 | P82: 1.9 | Q82: 0 | R82: 0 | S82: 0 | T82: 141 | U82: =R82+S82+T82 -> 141 | V82: 1299 | W82: 2916 | X82: =IF(W82=0,MEDIAN($W$2:$W$941),W82) -> 2916 | Y82: 1435 | Z82: {=_xlfn.IFS(OR(R82>66, S82>38), "High Engagement", OR(AND(R82>32, R82<=66), AND(S82>19, S82<=38)), "Medium-High Engagement", OR(AND(R82>4, R82<=32), AND(S82>6, S82<=19)),"Medium Engagement", TRUE, "Low Engagement" )} -> Low Engagement | AA82: =IF(W82>0, Y82/W82, 0) -> 0.49211248
A83: 1624580081 | B83: Patricia Williams | C83: =VLOOKUP(user_activity!A582,users_details!$A$1:$G$34,5,0) -> 38 | D83: {=_xlfn.IFS( AND(C83>=18, C83<=25), "Emerging Adults", AND(C83>=26, C83<=35), "Young Adults", AND(C83>=36, C83<=45), "Midlife Adults", AND(C83>=46, C83<=55), "Mature Adults", C83>=56, "Older Adults", TRUE, "Age Not Mentioned")} -> Midlife Adults | E83: =VLOOKUP(user_activity!A582,users_details!$A$1:$G$34,6,0) -> East Harlem, Manhattan | F83: =VLOOKUP(user_activity!A582,users_details!$A$1:$G$34,7,0) -> East Harlem | G83: Brooklyn | H83: 42486 | I83: =TEXT(H83, "dddd") -> Tuesday | J83: =TEXT(H83, "mmmm") -> April | K83: 1.84 | L83: 1.84 | M83: 0 | N83: 0 | O83: 0 | P83: 1.83 | Q83: 0.01 | R83: 0 | S83: 0 | T83: 140 | U83: =R83+S83+T83 -> 140 | V83: 1300 | W83: 2826 | X83: =IF(W83=0,MEDIAN($W$2:$W$941),W83) -> 2826 | Y83: 1402 | Z83: {=_xlfn.IFS(OR(R83>66, S83>38), "High Engagement", OR(AND(R83>32, R83<=66), AND(S83>19, S83<=38)), "Medium-High Engagement", OR(AND(R83>4, R83<=32), AND(S83>6, S83<=19)),"Medium Engagement", TRUE, "Low Engagement" )} -> Low Engagement | AA83: =IF(W83>0, Y83/W83, 0) -> 0.49610757
A84: 1624580081 | B84: Patricia Williams | C84: =VLOOKUP(user_activity!A589,users_details!$A$1:$G$34,5,0) -> 39 | D84: {=_xlfn.IFS( AND(C84>=18, C84<=25), "Emerging Adults", AND(C84>=26, C84<=35), "Young Adults", AND(C84>=36, C84<=45), "Midlife Adults", AND(C84>=46, C84<=55), "Mature Adults", C84>=56, "Older Adults", TRUE, "Age Not Mentioned")} -> Midlife Adults | E84: =VLOOKUP(user_activity!A589,users_details!$A$1:$G$34,6,0) -> East Village, Manhattan | F84: =VLOOKUP(user_activity!A589,users_details!$A$1:$G$34,7,0) -> East Village | G84: Brooklyn | H84: 42489 | I84: =TEXT(H84, "dddd") -> Friday | J84: =TEXT(H84, "mmmm") -> April | K84: 1.55 | L84: 1.55 | M84: 0 | N84: 0 | O84: 0 | P84: 1.55 | Q84: 0 | R84: 0 | S84: 0 | T84: 150 | U84: =R84+S84+T84 -> 150 | V84: 1290 | W84: 2390 | X84: =IF(W84=0,MEDIAN($W$2:$W$941),W84) -> 2390 | Y84: 1404 | Z84: {=_xlfn.IFS(OR(R84>66, S84>38), "High Engagement", OR(AND(R84>32, R84<=66), AND(S84>19, S84<=38)), "Medium-High Engagement", OR(AND(R84>4, R84<=32), AND(S84>6, S84<=19)),"Medium Engagement", TRUE, "Low Engagement" )} -> Low Engagement | AA84: =IF(W84>0, Y84/W84, 0) -> 0.5874477
A85: 1624580081 | B85: Patricia Williams | C85: =VLOOKUP(user_activity!A604,users_details!$A$1:$G$34,5,0) -> 39 | D85: {=_xlfn.IFS( AND(C85>=18, C85<=25), "Emerging Adults", AND(C85>=26, C85<=35), "Young Adults", AND(C85>=36, C85<=45), "Midlife Adults", AND(C85>=46, C85<=55), "Mature Adults", C85>=56, "Older Adults", TRUE, "Age Not Mentioned")} -> Midlife Adults | E85: =VLOOKUP(user_activity!A604,users_details!$A$1:$G$34,6,0) -> East Village, Manhattan | F85: =VLOOKUP(user_activity!A604,users_details!$A$1:$G$34,7,0) -> East Village | G85: Brooklyn | H85: 42478 | I85: =TEXT(H85, "dddd") -> Monday | J85: =TEXT(H85, "mmmm") -> April | K85: 7.4099998 | L85: 7.4099998 | M85: 0 | N85: 2.1500001 | O85: 0.62 | P85: 4.6199999 | Q85: 0.01 | R85: 17 | S85: 7 | T85: 202 | U85: =R85+S85+T85 -> 226 | V85: 1214 | W85: 10536 | X85: =IF(W85=0,MEDIAN($W$2:$W$941),W85) -> 10536 | Y85: 1604 | Z85: {=_xlfn.IFS(OR(R85>66, S85>38), "High Engagement", OR(AND(R85>32, R85<=66), AND(S85>19, S85<=38)), "Medium-High Engagement", OR(AND(R85>4, R85<=32), AND(S85>6, S85<=19)),"Medium Engagement", TRUE, "Low Engagement" )} -> Medium Engagement | AA85: =IF(W85>0, Y85/W85, 0) -> 0.15223994
A86: 1624580081 | B86: Patricia Williams | C86: =VLOOKUP(user_activity!A635,users_details!$A$1:$G$34,5,0) -> 41 | D86: {=_xlfn.IFS( AND(C86>=18, C86<=25), "Emerging Adults", AND(C86>=26, C86<=35), "Young Adults", AND(C86>=36, C86<=45), "Midlife Adults", AND(C86>=46, C86<=55), "Mature Adults", C86>=56, "Older Adults", TRUE, "Age Not Mentioned")} -> Midlife Adults | E86: =VLOOKUP(user_activity!A635,users_details!$A$1:$G$34,6,0) -> East Harlem, Manhattan | F86: =VLOOKUP(user_activity!A635,users_details!$A$1:$G$34,7,0) -> East Harlem | G86: Brooklyn | H86: 42465 | I86: =TEXT(H86, "dddd") -> Tuesday | J86: =TEXT(H86, "mmmm") -> April | K86: 1.4299999 | L86: 1.4299999 | M86: 0 | N86: 0 | O86: 0 | P86: 1.42 | Q86: 0 | R86: 0 | S86: 0 | T86: 118 | U86: =R86+S86+T86 -> 118 | V86: 1322 | W86: 2193 | X86: =IF(W86=0,MEDIAN($W$2:$W$941),W86) -> 2193 | Y86: 1368 | Z86: {=_xlfn.IFS(OR(R86>66, S86>38), "High Engagement", OR(AND(R86>32, R86<=66), AND(S86>19, S86<=38)), "Medium-High Engagement", OR(AND(R86>4, R86<=32), AND(S86>6, S86<=19)),"Medium Engagement", TRUE, "Low Engagement" )} -> Low Engagement | AA86: =IF(W86>0, Y86/W86, 0) -> 0.62380301
A87: 1624580081 | B87: Patricia Williams | C87: =VLOOKUP(user_activity!A644,users_details!$A$1:$G$34,5,0) -> 45 | D87: {=_xlfn.IFS( AND(C87>=18, C87<=25), "Emerging Adults", AND(C87>=26, C87<=35), "Young Adults", AND(C87>=36, C87<=45), "Midlife Adults", AND(C87>=46, C87<=55), "Mature Adults", C87>=56, "Older Adults", TRUE, "Age Not Mentioned")} -> Midlife Adults | E87: =VLOOKUP(user_activity!A644,users_details!$A$1:$G$34,6,0) -> Harlem, Manhattan | F87: =VLOOKUP(user_activity!A644,users_details!$A$1:$G$34,7,0) -> Harlem | G87: Brooklyn | H87: 42477 | I87: =TEXT(H87, "dddd") -> Sunday | J87: =TEXT(H87, "mmmm") -> April | K87: 4.0599999 | L87: 4.0599999 | M87: 0 | N87: 1.03 | O87: 1.52 | P87: 1.49 | Q87: 0.01 | R87: 15 | S87: 22 | T87: 127 | U87: =R87+S87+T87 -> 164 | V87: 1276 | W87: 6175 | X87: =IF(W87=0,MEDIAN($W$2:$W$941),W87) -> 6175 | Y87: 1554 | Z87: {=_xlfn.IFS(OR(R87>66, S87>38), "High Engagement", OR(AND(R87>32, R87<=66), AND(S87>19, S87<=38)), "Medium-High Engagement", OR(AND(R87>4, R87<=32), AND(S87>6, S87<=19)),"Medium Engagement", TRUE, "Low Engagement" )} -> Medium-High Engagement | AA87: =IF(W87>0, Y87/W87, 0) -> 0.25165992
A88: 1624580081 | B88: Patricia Williams | C88: =VLOOKUP(user_activity!A761,users_details!$A$1:$G$34,5,0) -> 53 | D88: {=_xlfn.IFS( AND(C88>=18, C88<=25), "Emerging Adults", AND(C88>=26, C88<=35), "Young Adults", AND(C88>=36, C88<=45), "Midlife Adults", AND(C88>=46, C88<=55), "Mature Adults", C88>=56, "Older Adults", TRUE, "Age Not Mentioned")} -> Mature Adults | E88: =VLOOKUP(user_activity!A761,users_details!$A$1:$G$34,6,0) -> Williamsburg, Brooklyn | F88: =VLOOKUP(user_activity!A761,users_details!$A$1:$G$34,7,0) -> Williamsburg | G88: Brooklyn | H88: 42476 | I88: =TEXT(H88, "dddd") -> Saturday | J88: =TEXT(H88, "mmmm") -> April | K88: 3.49 | L88: 3.49 | M88: 0 | N88: 0 | O88: 0 | P88: 3.49 | Q88: 0 | R88: 0 | S88: 0 | T88: 176 | U88: =R88+S88+T88 -> 176 | V88: 1264 | W88: 5370 | X88: =IF(W88=0,MEDIAN($W$2:$W$941),W88) -> 5370 | Y88: 1463 | Z88: {=_xlfn.IFS(OR(R88>66, S88>38), "High Engagement", OR(AND(R88>32, R88<=66), AND(S88>19, S88<=38)), "Medium-High Engagement", OR(AND(R88>4, R88<=32), AND(S88>6, S88<=19)),"Medium Engagement", TRUE, "Low Engagement" )} -> Low Engagement | AA88: =IF(W88>0, Y88/W88, 0) -> 0.27243948
A89: 1624580081 | B89: Patricia Williams | C89: =VLOOKUP(user_activity!A799,users_details!$A$1:$G$34,5,0) -> 54 | D89: {=_xlfn.IFS( AND(C89>=18, C89<=25), "Emerging Adults", AND(C89>=26, C89<=35), "Young Adults", AND(C89>=36, C89<=45), "Midlife Adults", AND(C89>=46, C89<=55), "Mature Adults", C89>=56, "Older Adults", TRUE, "Age Not Mentioned")} -> Mature Adults | E89: =VLOOKUP(user_activity!A799,users_details!$A$1:$G$34,6,0) -> Crown Heights, Brooklyn | F89: =VLOOKUP(user_activity!A799,users_details!$A$1:$G$34,7,0) -> Crown Heights | G89: Brooklyn | H89: 42488 | I89: =TEXT(H89, "dddd") -> Thursday | J89: =TEXT(H89, "mmmm") -> April | K89: 1.79 | L89: 1.79 | M89: 0 | N89: 0 | O89: 0.2 | P89: 1.6 | Q89: 0 | R89: 0 | S89: 5 | T89: 115 | U89: =R89+S89+T89 -> 120 | V89: 1320 | W89: 2759 | X89: =IF(W89=0,MEDIAN($W$2:$W$941),W89) -> 2759 | Y89: 1401 | Z89: {=_xlfn.IFS(OR(R89>66, S89>38), "High Engagement", OR(AND(R89>32, R89<=66), AND(S89>19, S89<=38)), "Medium-High Engagement", OR(AND(R89>4, R89<=32), AND(S89>6, S89<=19)),"Medium Engagement", TRUE, "Low Engagement" )} -> Low Engagement | AA89: =IF(W89>0, Y89/W89, 0) -> 0.50779268
A90: 1624580081 | B90: Patricia Williams | C90: =VLOOKUP(user_activity!A800,users_details!$A$1:$G$34,5,0) -> 54 | D90: {=_xlfn.IFS( AND(C90>=18, C90<=25), "Emerging Adults", AND(C90>=26, C90<=35), "Young Adults", AND(C90>=36, C90<=45), "Midlife Adults", AND(C90>=46, C90<=55), "Mature Adults", C90>=56, "Older Adults", TRUE, "Age Not Mentioned")} -> Mature Adults | E90: =VLOOKUP(user_activity!A800,users_details!$A$1:$G$34,6,0) -> Crown Heights, Brooklyn | F90: =VLOOKUP(user_activity!A800,users_details!$A$1:$G$34,7,0) -> Crown Heights | G90: Brooklyn | H90: 42473 | I90: =TEXT(H90, "dddd") -> Wednesday | J90: =TEXT(H90, "mmmm") -> April | K90: 4.5500002 | L90: 4.5500002 | M90: 0 | N90: 0 | O90: 0 | P90: 4.5500002 | Q90: 0 | R90: 0 | S90: 0 | T90: 148 | U90: =R90+S90+T90 -> 148 | V90: 1292 | W90: 7007 | X90: =IF(W90=0,MEDIAN($W$2:$W$941),W90) -> 7007 | Y90: 1411 | Z90: {=_xlfn.IFS(OR(R90>66, S90>38), "High Engagement", OR(AND(R90>32, R90<=66), AND(S90>19, S90<=38)), "Medium-High Engagement", OR(AND(R90>4, R90<=32), AND(S90>6, S90<=19)),"Medium Engagement", TRUE, "Low Engagement" )} -> Low Engagement | AA90: =IF(W90>0, Y90/W90, 0) -> 0.20137006
A91: 1624580081 | B91: Patricia Williams | C91: =VLOOKUP(user_activity!A827,users_details!$A$1:$G$34,5,0) -> 56 | D91: {=_xlfn.IFS( AND(C91>=18, C91<=25), "Emerging Adults", AND(C91>=26, C91<=35), "Young Adults", AND(C91>=36, C91<=45), "Midlife Adults", AND(C91>=46, C91<=55), "Mature Adults", C91>=56, "Older Adults", TRUE, "Age Not Mentioned")} -> Older Adults | E91: =VLOOKUP(user_activity!A827,users_details!$A$1:$G$34,6,0) -> Flatbush, Brooklyn | F91: =VLOOKUP(user_activity!A827,users_details!$A$1:$G$34,7,0) -> Flatbush | G91: Brooklyn | H91: 42481 | I91: =TEXT(H91, "dddd") -> Thursday | J91: =TEXT(H91, "mmmm") -> April | K91: 4.1300001 | L91: 4.1300001 | M91: 0 | N91: 0 | O91: 0 | P91: 4.1100001 | Q91: 0.02 | R91: 0 | S91: 0 | T91: 186 | U91: =R91+S91+T91 -> 186 | V91: 1254 | W91: 6349 | X91: =IF(W91=0,MEDIAN($W$2:$W$941),W91) -> 6349 | Y91: 1467 | Z91: {=_xlfn.IFS(OR(R91>66, S91>38), "High Engagement", OR(AND(R91>32, R91<=66), AND(S91>19, S91<=38)), "Medium-High Engagement", OR(AND(R91>4, R91<=32), AND(S91>6, S91<=19)),"Medium Engagement", TRUE, "Low Engagement" )} -> Low Engagement | AA91: =IF(W91>0, Y91/W91, 0) -> 0.23106001
A92: 1624580081 | B92: Patricia Williams | C92: =VLOOKUP(user_activity!A834,users_details!$A$1:$G$34,5,0) -> 56 | D92: {=_xlfn.IFS( AND(C92>=18, C92<=25), "Emerging Adults", AND(C92>=26, C92<=35), "Young Adults", AND(C92>=36, C92<=45), "Midlife Adults", AND(C92>=46, C92<=55), "Mature Adults", C92>=56, "Older Adults", TRUE, "Age Not Mentioned")} -> Older Adults | E92: =VLOOKUP(user_activity!A834,users_details!$A$1:$G$34,6,0) -> Flatbush, Brooklyn | F92: =VLOOKUP(user_activity!A834,users_details!$A$1:$G$34,7,0) -> Flatbush | G92: Brooklyn | H92: 42434 | I92: =TEXT(H92, "dddd") -> Saturday | J92: =TEXT(H92, "mmmm") -> March | K92: 1.37 | L92: 1.37 | M92: 0 | N92: 0 | O92: 0 | P92: 1.34 | Q92: 0.02 | R92: 0 | S92: 0 | T92: 96 | U92: =R92+S92+T92 -> 96 | V92: 1344 | W92: 2100 | X92: =IF(W92=0,MEDIAN($W$2:$W$941),W92) -> 2100 | Y92: 1334 | Z92: {=_xlfn.IFS(OR(R92>66, S92>38), "High Engagement", OR(AND(R92>32, R92<=66), AND(S92>19, S92<=38)), "Medium-High Engagement", OR(AND(R92>4, R92<=32), AND(S92>6, S92<=19)),"Medium Engagement", TRUE, "Low Engagement" )} -> Low Engagement | AA92: =IF(W92>0, Y92/W92, 0) -> 0.6352381
A93: 1624580081 | B93: Patricia Williams | C93: =VLOOKUP(user_activity!A865,users_details!$A$1:$G$34,5,0) -> 58 | D93: {=_xlfn.IFS( AND(C93>=18, C93<=25), "Emerging Adults", AND(C93>=26, C93<=35), "Young Adults", AND(C93>=36, C93<=45), "Midlife Adults", AND(C93>=46, C93<=55), "Mature Adults", C93>=56, "Older Adults", TRUE, "Age Not Mentioned")} -> Older Adults | E93: =VLOOKUP(user_activity!A865,users_details!$A$1:$G$34,6,0) -> East Village, Manhattan | F93: =VLOOKUP(user_activity!A865,users_details!$A$1:$G$34,7,0) -> East Village | G93: Brooklyn | H93: 42475 | I93: =TEXT(H93, "dddd") -> Friday | J93: =TEXT(H93, "mmmm") -> April | K93: 0.98000002 | L93: 0.98000002 | M93: 0 | N93: 0 | O93: 0 | P93: 0.97000003 | Q93: 0 | R93: 0 | S93: 0 | T93: 96 | U93: =R93+S93+T93 -> 96 | V93: 1344 | W93: 1510 | X93: =IF(W93=0,MEDIAN($W$2:$W$941),W93) -> 1510 | Y93: 1344 | Z93: {=_xlfn.IFS(OR(R93>66, S93>38), "High Engagement", OR(AND(R93>32, R93<=66), AND(S93>19, S93<=38)), "Medium-High Engagement", OR(AND(R93>4, R93<=32), AND(S93>6, S93<=19)),"Medium Engagement", TRUE, "Low Engagement" )} -> Low Engagement | AA93: =IF(W93>0, Y93/W93, 0) -> 0.89006623
A94: 1624580081 | B94: Patricia Williams | C94: =VLOOKUP(user_activity!A902,users_details!$A$1:$G$34,5,0) -> 59 | D94: {=_xlfn.IFS( AND(C94>=18, C94<=25), "Emerging Adults", AND(C94>=26, C94<=35), "Young Adults", AND(C94>=36, C94<=45), "Midlife Adults", AND(C94>=46, C94<=55), "Mature Adults", C94>=56, "Older Adults", TRUE, "Age Not Mentioned")} -> Older Adults | E94: =VLOOKUP(user_activity!A902,users_details!$A$1:$G$34,6,0) -> Upper West Side, Manhattan | F94: =VLOOKUP(user_activity!A902,users_details!$A$1:$G$34,7,0) -> Upper West Side | G94: Brooklyn | H94: 42618 | I94: =TEXT(H94, "dddd") -> Monday | J94: =TEXT(H94, "mmmm") -> September | K94: 1.13 | L94: 1.13 | M94: 0 | N94: 0 | O94: 0 | P94: 1.13 | Q94: 0 | R94: 0 | S94: 0 | T94: 91 | U94: =R94+S94+T94 -> 91 | V94: 1349 | W94: 1732 | X94: =IF(W94=0,MEDIAN($W$2:$W$941),W94) -> 1732 | Y94: 1328 | Z94: {=_xlfn.IFS(OR(R94>66, S94>38), "High Engagement", OR(AND(R94>32, R94<=66), AND(S94>19, S94<=38)), "Medium-High Engagement", OR(AND(R94>4, R94<=32), AND(S94>6, S94<=19)),"Medium Engagement", TRUE, "Low Engagement" )} -> Low Engagement | AA94: =IF(W94>0, Y94/W94, 0) -> 0.76674365
A95: 8253242879 | B95: Linda Brown | C95: =VLOOKUP(user_activity!A16,users_details!$A$1:$G$34,5,0) -> 18 | D95: {=_xlfn.IFS( AND(C95>=18, C95<=25), "Emerging Adults", AND(C95>=26, C95<=35), "Young Adults", AND(C95>=36, C95<=45), "Midlife Adults", AND(C95>=46, C95<=55), "Mature Adults", C95>=56, "Older Adults", TRUE, "Age Not Mentioned")} -> Emerging Adults | E95: =VLOOKUP(user_activity!A16,users_details!$A$1:$G$34,6,0) -> Hell's Kitchen, Manhattan | F95: =VLOOKUP(user_activity!A16,users_details!$A$1:$G$34,7,0) -> Hell's Kitchen | G95: Manhattan | H95: 42487 | I95: =TEXT(H95, "dddd") -> Wednesday | J95: =TEXT(H95, "mmmm") -> April | K95: 8.1800003 | L95: 8.1800003 | M95: 0 | N95: 6.2399998 | O95: 0.23 | P95: 1.7 | Q95: 0 | R95: 45 | S95: 5 | T95: 104 | U95: =R95+S95+T95 -> 154 | V95: 1286 | W95: 10232 | X95: =IF(W95=0,MEDIAN($W$2:$W$941),W95) -> 10232 | Y95: 2008 | Z95: {=_xlfn.IFS(OR(R95>66, S95>38), "High Engagement", OR(AND(R95>32, R95<=66), AND(S95>19, S95<=38)), "Medium-High Engagement", OR(AND(R95>4, R95<=32), AND(S95>6, S95<=19)),"Medium Engagement", TRUE, "Low Engagement" )} -> Medium-High Engagement | AA95: =IF(W95>0, Y95/W95, 0) -> 0.19624707
A96: 2022484408 | B96: Jane Davis | C96: =VLOOKUP(user_activity!A23,users_details!$A$1:$G$34,5,0) -> 18 | D96: {=_xlfn.IFS( AND(C96>=18, C96<=25), "Emerging Adults", AND(C96>=26, C96<=35), "Young Adults", AND(C96>=36, C96<=45), "Midlife Adults", AND(C96>=46, C96<=55), "Mature Adults", C96>=56, "Older Adults", TRUE, "Age Not Mentioned")} -> Emerging Adults | E96: =VLOOKUP(user_activity!A23,users_details!$A$1:$G$34,6,0) -> Upper West Side, Manhattan | F96: =VLOOKUP(user_activity!A23,users_details!$A$1:$G$34,7,0) -> Upper West Side | G96: Manhattan | H96: 42405 | I96: =TEXT(H96, "dddd") -> Friday | J96: =TEXT(H96, "mmmm") -> February | K96: 7.29 | L96: 7.29 | M96: 0 | N96: 2.6099999 | O96: 0.34 | P96: 4.3299999 | Q96: 0 | R96: 36 | S96: 8 | T96: 277 | U96: =R96+S96+T96 -> 321 | V96: 1119 | W96: 10379 | X96: =IF(W96=0,MEDIAN($W$2:$W$941),W96) -> 10379 | Y96: 2473 | Z96: {=_xlfn.IFS(OR(R96>66, S96>38), "High Engagement", OR(AND(R96>32, R96<=66), AND(S96>19, S96<=38)), "Medium-High Engagement", OR(AND(R96>4, R96<=32), AND(S96>6, S96<=19)),"Medium Engagement", TRUE, "Low Engagement" )} -> Medium-High Engagement | AA96: =IF(W96>0, Y96/W96, 0) -> 0.23826958
A97: 2022484408 | B97: Jane Davis | C97: =VLOOKUP(user_activity!A31,users_details!$A$1:$G$34,5,0) -> 18 | D97: {=_xlfn.IFS( AND(C97>=18, C97<=25), "Emerging Adults", AND(C97>=26, C97<=35), "Young Adults", AND(C97>=36, C97<=45), "Midlife Adults", AND(C97>=46, C97<=55), "Mature Adults", C97>=56, "Older Adults", TRUE, "Age Not Mentioned")} -> Emerging Adults | E97: =VLOOKUP(user_activity!A31,users_details!$A$1:$G$34,6,0) -> Upper West Side, Manhattan | F97: =VLOOKUP(user_activity!A31,users_details!$A$1:$G$34,7,0) -> Upper West Side | G97: Manhattan | H97: 42483 | I97: =TEXT(H97, "dddd") -> Saturday | J97: =TEXT(H97, "mmmm") -> April | K97: 4.21 | L97: 4.21 | M97: 0 | N97: 0 | O97: 0 | P97: 4.21 | Q97: 0 | R97: 0 | S97: 0 | T97: 249 | U97: =R97+S97+T97 -> 249 | V97: 1191 | W97: 6001 | X97: =IF(W97=0,MEDIAN($W$2:$W$941),W97) -> 6001 | Y97: 2069 | Z97: {=_xlfn.IFS(OR(R97>66, S97>38), "High Engagement", OR(AND(R97>32, R97<=66), AND(S97>19, S97<=38)), "Medium-High Engagement", OR(AND(R97>4, R97<=32), AND(S97>6, S97<=19)),"Medium Engagement", TRUE, "Low Engagement" )} -> Low Engagement | AA97: =IF(W97>0, Y97/W97, 0) -> 0.34477587
A98: 2022484408 | B98: Jane Davis | C98: =VLOOKUP(user_activity!A33,users_details!$A$1:$G$34,5,0) -> 18 | D98: {=_xlfn.IFS( AND(C98>=18, C98<=25), "Emerging Adults", AND(C98>=26, C98<=35), "Young Adults", AND(C98>=36, C98<=45), "Midlife Adults", AND(C98>=46, C98<=55), "Mature Adults", C98>=56, "Older Adults", TRUE, "Age Not Mentioned")} -> Emerging Adults | E98: =VLOOKUP(user_activity!A33,users_details!$A$1:$G$34,6,0) -> Upper West Side, Manhattan | F98: =VLOOKUP(user_activity!A33,users_details!$A$1:$G$34,7,0) -> Upper West Side | G98: Manhattan | H98: 42476 | I98: =TEXT(H98, "dddd") -> Saturday | J98: =TEXT(H98, "mmmm") -> April | K98: 7.0900002 | L98: 7.0900002 | M98: 0 | N98: 3.1500001 | O98: 0.55000001 | P98: 3.3900001 | Q98: 0 | R98: 41 | S98: 11 | T98: 151 | U98: =R98+S98+T98 -> 203 | V98: 1237 | W98: 10100 | X98: =IF(W98=0,MEDIAN($W$2:$W$941),W98) -> 10100 | Y98: 2177 | Z98: {=_xlfn.IFS(OR(R98>66, S98>38), "High Engagement", OR(AND(R98>32, R98<=66), AND(S98>19, S98<=38)), "Medium-High Engagement", OR(AND(R98>4, R98<=32), AND(S98>6, S98<=19)),"Medium Engagement", TRUE, "Low Engagement" )} -> Medium-High Engagement | AA98: =IF(W98>0, Y98/W98, 0) -> 0.21554455
A99: 8253242879 | B99: Linda Brown | C99: =VLOOKUP(user_activity!A48,users_details!$A$1:$G$34,5,0) -> 18 | D99: {=_xlfn.IFS( AND(C99>=18, C99<=25), "Emerging Adults", AND(C99>=26, C99<=35), "Young Adults", AND(C99>=36, C99<=45), "Midlife Adults", AND(C99>=46, C99<=55), "Mature Adults", C99>=56, "Older Adults", TRUE, "Age Not Mentioned")} -> Emerging Adults | E99: =VLOOKUP(user_activity!A48,users_details!$A$1:$G$34,6,0) -> Hell's Kitchen, Manhattan | F99: =VLOOKUP(user_activity!A48,users_details!$A$1:$G$34,7,0) -> Hell's Kitchen | G99: Manhattan | H99: 42480 | I99: =TEXT(H99, "dddd") -> Wednesday | J99: =TEXT(H99, "mmmm") -> April | K99: 4.27 | L99: 4.27 | M99: 0 | N99: 0.33000001 | O99: 0.81999999 | P99: 3.1099999 | Q99: 0.01 | R99: 5 | S99: 18 | T99: 216 | U99: =R99+S99+T99 -> 239 | V99: 1201 | W99: 6466 | X99: =IF(W99=0,MEDIAN($W$2:$W$941),W99) -> 6466 | Y99: 1931 | Z99: {=_xlfn.IFS(OR(R99>66, S99>38), "High Engagement", OR(AND(R99>32, R99<=66), AND(S99>19, S99<=38)), "Medium-High Engagement", OR(AND(R99>4, R99<=32), AND(S99>6, S99<=19)),"Medium Engagement", TRUE, "Low Engagement" )} -> Medium Engagement | AA99: =IF(W99>0, Y99/W99, 0) -> 0.29863903
A100: 2022484408 | B100: Jane Davis | C100: =VLOOKUP(user_activity!A58,users_details!$A$1:$G$34,5,0) -> 18 | D100: {=_xlfn.IFS( AND(C100>=18, C100<=25), "Emerging Adults", AND(C100>=26, C100<=35), "Young Adults", AND(C100>=36, C100<=45), "Midlife Adults", AND(C100>=46, C100<=55), "Mature Adults", C100>=56, "Older Adults", TRUE, "Age Not Mentioned")} -> Emerging Adults | E100: =VLOOKUP(user_activity!A58,users_details!$A$1:$G$34,6,0) -> Upper West Side, Manhattan | F100: =VLOOKUP(user_activity!A58,users_details!$A$1:$G$34,7,0) -> Upper West Side | G100: Manhattan | H100: 42486 | I100: =TEXT(H100, "dddd") -> Tuesday | J100: =TEXT(H100, "mmmm") -> April | K100: 7.1900001 | L100: 7.1900001 | M100: 0 | N100: 1.4299999 | O100: 0.66000003 | P100: 5.1100001 | Q100: 0 | R100: 55 | S100: 24 | T100: 275 | U100: =R100+S100+T100 -> 354 | V100: 1086 | W100: 10119 | X100: =IF(W100=0,MEDIAN($W$2:$W$941),W100) -> 10119 | Y100: 2793 | Z100: {=_xlfn.IFS(OR(R100>66, S100>38), "High Engagement", OR(AND(R100>32, R100<=66), AND(S100>19, S100<=38)), "Medium-High Engagement", OR(AND(R100>4, R100<=32), AND(S100>6, S100<=19)),"Medium Engagement", TRUE, "Low Engagement" )} -> Medium-High Engagement | AA100: =IF(W100>0, Y100/W100, 0) -> 0.27601542
...

Sheet Sheet1
A1: UserID | B1: User Name | C1: Age | D1: Address | E1: Neighbourhood | F1: City | G1: Date | H1: Total_Distance | I1: Tracker_Distance | J1: Logged_Activities_Distance | K1: Very_Active_Distance | L1: Moderately_Active_Distance | M1: Light_Active_Distance | N1: Sedentary_Active_Distance | O1: Very_Active_Minutes | P1: Fairly_Active_Minutes | Q1: Lightly_Active_Minutes | R1: Sedentary_Minutes | S1: Steps | T1: Calories_Burned
A2: 1503960366 | B2: David Jones | C2: 38 | D2: East Harlem, Manhattan | E2: East Harlem | F2: Manhattan | G2: 42709 | H2: 0 | I2: 0 | J2: 0 | K2: 0 | L2: 0 | M2: 0 | N2: 0 | O2: 0 | P2: 0 | Q2: 0 | R2: 1440 | S2: 0 | T2: 0
A3: 6290855005 | B3: Mary Martinez | C3: 30 | D3: Midtown, Manhattan | E3: Midtown | F3: Manhattan | G3: 42483 | H3: 0 | I3: 0 | J3: 0 | K3: 0 | L3: 0 | M3: 0 | N3: 0 | O3: 33 | P3: 0 | Q3: 0 | R3: 1407 | S3: 0 | T3: 2664
A4: 6117666160 | B4: Robert Johnson | C4: 53 | D4: Williamsburg, Brooklyn | E4: Williamsburg | F4: Brooklyn | G4: 42473 | H4: 0 | I4: 0 | J4: 0 | K4: 0 | L4: 0 | M4: 0 | N4: 0 | O4: 0 | P4: 0 | Q4: 0 | R4: 1440 | S4: 0 | T4: 1496
A5: 6117666160 | B5: Robert Johnson | C5: 53 | D5: Williamsburg, Brooklyn | E5: Williamsburg | F5: Brooklyn | G5: 42474 | H5: 0 | I5: 0 | J5: 0 | K5: 0 | L5: 0 | M5: 0 | N5: 0 | O5: 0 | P5: 0 | Q5: 0 | R5: 1440 | S5: 0 | T5: 1496
A6: 4020332650 | B6: David Smith | C6: 54 | D6: Crown Heights, Brooklyn | E6: Crown Heights | F6: Brooklyn | G6: 42481 | H6: 0 | I6: 0 | J6: 0 | K6: 0 | L6: 0 | M6: 0 | N6: 0 | O6: 0 | P6: 0 | Q6: 0 | R6: 1440 | S6: 0 | T6: 1980
A7: 1844505072 | B7: Linda Rodriguez | C7: 53 | D7: Harlem, Manhattan | E7: Harlem | F7: Manhattan | G7: 42648 | H7: 0 | I7: 0 | J7: 0 | K7: 0 | L7: 0 | M7: 0 | N7: 0 | O7: 0 | P7: 0 | Q7: 0 | R7: 1440 | S7: 0 | T7: 1347
A8: 1927972279 | B8: Michael Brown | C8: 29 | D8: Crown Heights, Brooklyn | E8: Crown Heights | F8: Brooklyn | G8: 42490 | H8: 0 | I8: 0 | J8: 0 | K8: 0 | L8: 0 | M8: 0 | N8: 0 | O8: 0 | P8: 0 | Q8: 0 | R8: 1440 | S8: 0 | T8: 2064
A9: 4020332650 | B9: David Smith | C9: 54 | D9: Crown Heights, Brooklyn | E9: Crown Heights | F9: Brooklyn | G9: 42489 | H9: 0 | I9: 0 | J9: 0 | K9: 0 | L9: 0 | M9: 0 | N9: 0 | O9: 0 | P9: 0 | Q9: 0 | R9: 1440 | S9: 0 | T9: 1980
A10: 4020332650 | B10: David Smith | C10: 54 | D10: Crown Heights, Brooklyn | E10: Crown Heights | F10: Brooklyn | G10: 42483 | H10: 0 | I10: 0 | J10: 0 | K10: 0 | L10: 0 | M10: 0 | N10: 0 | O10: 0 | P10: 0 | Q10: 0 | R10: 1440 | S10: 0 | T10: 1980
A11: 6775888955 | B11: David Davis | C11: 45 | D11: Harlem, Manhattan | E11: Harlem | F11: Manhattan | G11: 42495 | H11: 0 | I11: 0 | J11: 0 | K11: 0 | L11: 0 | M11: 0 | N11: 0 | O11: 0 | P11: 0 | Q11: 0 | R11: 1440 | S11: 0 | T11: 1841
A12: 4020332650 | B12: David Smith | C12: 54 | D12: Crown Heights, Brooklyn | E12: Crown Heights | F12: Brooklyn | G12: 42487 | H12: 0 | I12: 0 | J12: 0 | K12: 0 | L12: 0 | M12: 0 | N12: 0 | O12: 0 | P12: 0 | Q12: 0 | R12: 1440 | S12: 0 | T12: 1980
A13: 1844505072 | B13: Linda Rodriguez | C13: 53 | D13: Harlem, Manhattan | E13: Harlem | F13: Manhattan | G13: 42587 | H13: 0 | I13: 0 | J13: 0 | K13: 0 | L13: 0 | M13: 0 | N13: 0 | O13: 0 | P13: 0 | Q13: 0 | R13: 1440 | S13: 0 | T13: 1347
... A78: 1844505072 | B78: Linda Rodriguez | C78: 53 | D78: Harlem, Manhattan | E78: Harlem | F78: Manhattan | G78: 42486 | H78: 0 | I78: 0 | J78: 0 | K78: 0 | L78: 0 | M78: 0 | N78: 0 | O78: 0 | P78: 0 | Q78: 0 | R78: 1440 | S78: 0 | T78: 1347
